"sub_n","pheno","pheno_rt","pheno_conf","pheno_pred","know_yn","use_yn","use_often","use_purpose","age","gender","act morally","admiration","anger","anxiety","attention","attraction","belief","choosing","communication","considering","deciding","depression","desire","disgust","embarassment","enjoyment","excitement","exhaustion","expecting","experiencing","fear","free will","guilt","happiness","hearing","hope","hunger","imagining","inner life","insecurity","intelligence","intention","knowing","love","memory","needing","own mind","pain","passion","Personality","planning","pleasure","pressure","pride","reasoning","regret","relief","remorse","resentment","sadness","seeing","self-control","self-reflection","shame","smelling","surprise","tasting","tenderness","thinking","TOM","upsetness","urge","vulnerability","wanting","wishing"
1,1,55.895,35,24,"Yes","Yes","About once a month","Writing,Other",52,"Female",4,1,1,1,100,1,1,100,68,100,100,1,12,1,1,1,1,1,1,1,1,8,1,1,21,1,1,1,1,1,100,1,100,1,100,17,59,1,1,1,100,1,1,52,100,1,1,1,1,1,1,1,1,1,65,1,29,1,24,1,62,1,1,1,1
2,52,82.892,47,32,"Yes","No","","",25,"Female",55,1,1,1,63,1,1,78,60,65,65,1,1,1,1,1,1,1,1,1,1,1,1,1,1,1,1,56,1,1,100,1,81,1,59,1,61,1,1,58,52,1,1,1,64,1,1,1,1,1,22,1,14,1,1,1,1,1,61,62,1,1,1,28,1
3,6,57.084,86,61,"Yes","Yes","About once a month","General knowledge,Writing",33,"Female",13,3,5,6,1,1,20,56,72,61,61,1,1,1,5,6,5,1,1,7,1,2,6,1,1,4,1,5,7,5,41,20,77,1,5,10,13,1,7,10,58,1,1,1,59,1,1,6,6,1,5,14,8,4,1,12,1,1,15,7,2,2,1,3,1
4,71,16.446,63,69,"Yes","Yes","About once a week","General knowledge,Writing",21,"Female",66,41,NA,37,60,NA,59,39,29,27,81,8,31,15,19,18,NA,38,NA,64,30,14,16,73,62,19,36,NA,33,4,NA,NA,30,67,NA,NA,35,29,67,69,28,14,NA,NA,53,NA,18,68,25,NA,55,43,38,NA,31,25,14,NA,30,NA,40,1,61,20,NA
5,30,21.39,94,22,"Yes","Yes","About once a month","Writing",20,"Female",46,18,3,1,28,33,28,61,96,75,83,11,16,10,1,51,36,14,21,81,1,29,1,5,82,1,1,22,8,1,99,47,98,17,100,19,70,1,17,92,66,10,18,24,59,1,1,1,1,18,27,1,45,14,1,50,1,12,79,67,21,2,17,3,10
6,39,11.747,1,60,"Yes","No","","",31,"Female",7,1,1,1,13,1,1,4,24,28,22,1,1,1,1,6,1,1,22,24,1,1,1,1,1,1,1,12,1,1,19,6,17,1,13,1,1,1,1,1,5,1,8,17,5,1,1,1,10,1,1,17,4,1,1,1,1,1,6,8,1,6,1,7,1
7,4,36.546,75,56,"No","","","",57,"Female",22,6,11,8,5,4,5,37,76,41,20,4,1,4,4,5,13,4,5,4,6,51,4,9,51,3,2,13,3,5,77,6,51,3,26,4,19,5,9,27,4,8,7,6,60,5,7,5,3,8,28,7,3,4,5,7,2,7,5,13,5,4,3,5,4
8,15,21.082,96,58,"Yes","No","","",37,"Female",17,1,1,1,10,1,16,73,67,83,61,1,1,1,3,1,1,1,13,1,1,1,1,1,1,1,1,13,1,14,36,61,60,1,58,1,8,1,1,1,1,1,31,1,60,1,3,1,1,1,1,1,21,1,1,1,1,1,1,10,12,1,1,1,1
9,22,44.492,60,44,"Yes","No","","",28,"Female",47,1,1,7,90,1,1,90,79,83,92,1,1,1,1,7,1,41,11,34,1,17,1,1,16,3,1,1,1,1,63,58,40,1,58,1,1,1,1,51,80,1,27,11,36,1,1,1,1,1,14,42,51,1,1,1,1,10,48,48,1,8,7,1,25
10,35,57.894,60,66,"Yes","Yes","About once every two weeks","General knowledge,Writing",27,"Female",46,15,16,33,18,8,52,70,94,59,34,1,11,19,65,70,29,6,61,37,7,14,8,55,1,38,1,59,53,12,68,71,93,26,87,1,5,1,22,26,83,13,53,62,78,22,29,21,3,28,2,73,74,29,1,7,1,20,59,72,63,22,71,79,4
11,1,30.982,100,18,"Yes","Yes","About once a month","General knowledge",53,"Female",1,1,1,1,61,1,1,100,1,73,100,1,1,1,1,1,1,1,1,1,1,54,1,1,73,1,1,26,1,1,39,14,100,1,100,1,12,1,1,1,37,1,71,1,27,1,1,1,1,1,1,8,34,1,57,1,39,1,1,17,1,1,1,1,1
12,1,52.674,48,14,"Yes","Yes","About once a month","General knowledge",34,"Male",51,1,1,1,6,1,1,67,67,63,87,1,1,1,1,1,1,1,1,1,1,1,1,1,1,1,1,1,1,1,68,1,68,1,1,1,1,1,1,24,51,1,1,1,1,1,1,1,1,1,1,1,1,1,1,1,1,1,1,11,1,1,1,1,1
13,1,43.334,100,1,"Yes","No","","",51,"Female",50,1,1,1,77,1,1,78,77,98,96,1,1,1,1,1,1,1,1,1,1,1,1,1,1,1,1,1,1,1,66,1,78,1,88,1,1,1,1,1,68,1,1,1,77,1,1,1,1,1,1,51,4,1,1,1,1,1,1,21,1,1,1,1,1
14,27,75.675,29,23,"Yes","No","","",51,"Male",27,7,29,1,87,1,3,100,100,87,100,1,1,6,11,16,8,1,8,4,1,3,1,10,9,1,1,24,1,1,100,53,100,1,100,1,67,1,1,21,100,1,6,1,79,1,19,10,1,1,15,9,1,1,3,5,1,1,100,26,4,1,9,1,1
15,1,48.599,81,16,"Yes","No","","",44,"Female",87,4,6,2,97,3,5,98,96,89,97,11,4,3,1,4,6,1,10,4,3,15,5,5,97,5,1,93,2,2,94,51,97,1,100,4,15,5,3,9,100,4,4,2,7,5,5,7,5,3,94,92,4,1,53,11,1,6,10,20,4,4,4,4,4
16,7,8.118,25,23,"Yes","Yes","About once a month","General knowledge",54,"Female",54,51,39,37,75,31,51,83,76,81,68,31,27,55,38,58,51,8,62,51,38,32,26,54,54,14,20,30,40,44,71,57,73,43,81,21,69,22,53,73,75,51,17,73,61,23,52,35,32,58,75,61,51,38,10,34,20,40,77,54,31,21,63,52,28
17,73,21.252,59,62,"Yes","Yes","About once every two weeks","General knowledge,Writing,Other",31,"Male",57,40,44,43,57,32,55,100,75,100,100,40,39,59,46,43,41,38,60,100,43,42,54,54,44,56,42,57,42,46,84,56,100,46,100,43,58,44,43,60,99,41,31,59,100,44,41,42,41,44,54,60,58,40,29,45,37,40,100,42,41,45,39,59,39
18,12,28.586,84,31,"Yes","No","","",36,"Male",50,4,5,1,82,1,1,48,100,76,87,1,1,10,5,28,1,1,1,26,1,1,1,24,100,1,1,1,1,1,89,24,96,1,11,7,26,6,1,44,91,5,4,1,62,3,1,2,1,3,52,8,5,1,1,1,1,1,10,29,8,1,1,4,1
19,1,36.879,100,38,"Yes","No","","",48,"Female",24,1,1,1,51,1,51,68,80,74,62,1,1,1,1,1,1,1,27,1,1,1,1,1,51,1,1,51,1,1,92,24,50,1,75,51,51,1,1,30,51,1,1,1,70,1,1,1,1,1,51,51,51,1,1,1,1,1,79,21,1,1,1,1,1
20,65,3.769,63,67,"Yes","Yes","More than once a day","General knowledge,Coding",34,"Male",34,50,49,48,49,34,52,44,48,52,47,43,46,48,48,52,49,45,34,27,44,34,57,32,49,39,37,41,40,49,33,49,49,48,66,52,51,34,36,49,48,48,44,37,40,41,16,47,48,29,41,45,45,46,48,41,47,41,48,46,41,41,44,62,49
21,1,14.54,100,1,"Yes","Yes","About once a month","Other",20,"Female",1,1,1,1,1,1,1,1,1,1,1,1,1,1,1,1,1,1,1,1,1,1,1,1,1,1,1,1,1,1,1,1,1,1,1,1,1,1,1,1,1,1,1,1,1,1,1,1,1,1,1,1,1,1,1,1,1,1,1,1,1,1,1,1,1
22,6,16.762,45,17,"Yes","Yes","About once a month","General knowledge",31,"Male",27,1,1,1,51,1,1,51,75,69,68,1,1,1,1,1,1,1,1,1,1,1,1,1,31,1,1,1,1,1,51,1,70,1,1,1,15,1,1,37,52,1,1,1,51,1,1,1,1,1,20,1,1,1,1,1,1,1,1,1,1,1,1,1,1
23,8,19.976,72,31,"Yes","Yes","About once a month","General knowledge",32,"Female",23,9,10,10,73,20,13,46,59,66,58,7,7,14,10,10,11,23,6,18,9,3,8,14,31,12,3,51,2,6,61,38,68,8,74,8,18,5,10,30,43,11,18,14,60,18,12,6,17,9,29,51,38,6,1,8,1,7,57,50,15,6,12,12,17
24,1,33.774,59,52,"Yes","Yes","About once a month","General knowledge",24,"Female",50,1,1,1,51,1,1,23,75,77,78,1,1,1,52,1,1,1,1,1,1,1,1,1,23,1,1,1,1,1,51,1,100,1,70,1,1,1,1,1,1,1,1,1,49,1,1,1,1,1,18,1,18,1,1,24,1,1,1,28,1,1,15,1,1
25,66,57.123,65,72,"Yes","Yes","About once every two weeks","General knowledge",73,"Female",27,30,56,16,66,20,66,62,72,63,66,23,59,61,30,55,32,14,21,65,25,45,27,28,15,22,4,65,27,31,60,62,75,12,72,12,67,24,23,15,58,29,54,27,61,16,31,37,22,15,59,70,37,20,9,14,60,17,20,61,33,21,62,20,27
26,1,12.947,12,25,"Yes","No","","",30,"Female",39,1,1,1,28,1,1,73,51,31,58,1,1,1,1,1,1,1,1,1,1,1,1,1,52,1,1,1,1,1,74,24,98,1,84,1,1,1,1,1,77,1,1,1,63,1,1,1,3,1,1,1,1,1,1,1,1,1,2,1,1,1,1,3,1
27,1,21.041,100,11,"Yes","Yes","About once every two weeks","Other",35,"Female",1,1,1,1,65,1,1,39,90,88,73,1,1,1,1,1,1,1,1,1,1,1,1,1,1,1,1,1,1,1,1,49,87,1,35,1,1,1,1,1,1,1,1,1,67,1,1,1,1,1,1,1,1,1,1,1,1,1,1,1,1,1,1,1,1
28,1,13.941,57,27,"Yes","Yes","About once a month","General knowledge,Writing",30,"Male",1,1,1,1,21,1,1,20,1,18,13,1,1,1,1,1,1,1,24,1,1,1,1,1,1,1,1,12,1,1,16,1,53,1,28,13,1,1,1,1,52,1,1,1,26,1,1,1,1,1,1,1,1,1,1,1,1,1,1,1,1,1,1,1,1
29,83,35.512,55,40,"Yes","No","","",31,"Female",98,54,9,1,29,26,68,100,100,74,100,1,68,1,28,29,26,15,40,89,3,59,12,62,61,39,1,1,18,26,100,80,97,2,100,17,62,8,28,53,37,18,62,40,66,7,20,68,21,42,1,92,40,7,1,20,1,31,59,64,17,41,16,6,37
30,1,23.4,93,12,"Yes","Yes","About once a month","General knowledge",33,"Male",28,1,1,1,89,1,1,80,89,68,78,1,1,1,1,1,1,1,1,1,1,1,1,1,27,1,1,1,1,1,93,1,100,1,100,2,1,1,1,1,60,1,1,1,77,1,1,1,1,1,1,1,1,1,1,1,1,1,9,30,1,1,1,1,1
31,1,52.625,27,70,"Yes","Yes","About once a month","General knowledge",33,"Female",1,9,2,1,98,1,1,13,100,1,99,3,4,13,1,1,18,2,1,51,2,3,1,1,3,16,1,11,1,1,2,1,100,1,98,16,1,5,52,59,100,1,1,1,2,10,11,3,1,4,76,100,1,2,1,1,1,1,1,1,1,4,22,1,1
32,26,26.181,69,85,"Yes","No","","",59,"Male",35,1,1,1,51,1,24,100,100,99,99,1,5,1,7,1,4,2,21,8,1,62,1,1,2,1,1,8,10,2,95,49,94,1,99,11,28,1,1,51,50,1,1,1,76,1,1,1,9,1,1,51,19,1,1,1,1,7,88,51,2,1,1,49,1
33,1,25.663,100,1,"Yes","No","","",51,"Male",1,1,1,1,71,1,1,51,9,22,62,1,1,1,1,1,1,1,10,1,1,1,1,1,1,1,1,1,1,1,1,1,38,1,100,51,1,1,1,1,1,1,1,1,3,1,1,1,1,1,1,1,1,1,1,1,1,1,1,1,1,1,1,1,1
34,66,13.687,74,76,"Yes","Yes","About once a month","General knowledge",22,"Female",25,25,58,21,78,12,13,80,56,84,58,10,61,14,24,27,22,64,59,76,21,20,27,60,5,59,23,80,30,65,81,69,74,62,12,38,5,9,34,54,81,24,17,62,87,67,55,25,30,20,2,63,32,59,2,63,13,30,61,38,13,10,80,31,22
35,71,4.751,70,52,"Yes","Yes","About once a week","General knowledge,Writing",25,"Male",90,51,51,1,100,39,51,67,100,100,100,10,89,78,1,57,62,1,66,100,11,100,1,42,1,100,1,1,100,24,100,80,100,1,100,69,68,1,1,71,100,1,44,51,79,1,13,1,76,6,1,100,51,1,2,80,1,1,100,50,1,100,60,80,1
36,16,95.484,97,17,"Yes","No","","",31,"Female",2,5,2,1,62,4,13,61,76,70,74,6,4,1,1,2,2,2,6,6,4,7,4,4,50,7,1,3,1,3,16,24,61,2,68,8,9,4,5,8,67,2,5,5,18,9,3,6,6,5,3,2,5,1,1,4,1,1,19,21,7,6,2,3,1
37,63,56.359,64,39,"Yes","Yes","About once a month","General knowledge",20,"Female",21,7,1,8,21,9,14,2,14,12,9,1,7,12,11,19,8,5,13,5,21,8,19,12,8,1,1,30,1,16,11,1,65,1,21,22,6,13,9,14,15,1,27,15,8,3,16,6,23,16,20,25,6,22,9,16,3,42,10,18,6,10,31,20,5
38,41,39.364,52,57,"Yes","No","","",58,"Female",1,11,81,1,65,4,100,94,100,34,60,1,100,100,1,88,13,1,55,58,15,60,1,79,100,25,1,84,70,14,59,100,83,1,100,100,56,1,68,72,100,84,3,100,55,1,1,1,59,1,64,1,1,1,1,8,1,1,75,1,1,80,1,84,87
39,77,4.571,52,30,"Yes","Yes","About once a month","General knowledge",28,"Male",51,21,40,24,37,25,69,53,64,61,28,1,5,51,15,23,64,21,74,35,20,51,42,34,34,49,7,100,22,10,62,87,81,26,39,51,51,7,47,69,74,51,51,69,72,51,39,1,21,2,22,63,27,51,39,42,1,23,95,74,51,72,29,17,46
40,61,17.987,68,39,"Yes","Yes","About once every two weeks","General knowledge",21,"Female",22,22,33,29,62,22,18,18,22,20,28,23,28,19,20,27,24,35,23,31,27,17,24,26,18,20,27,18,28,22,26,30,23,22,16,20,31,20,25,23,25,27,26,24,23,22,16,19,25,27,24,27,24,28,24,23,13,27,26,29,26,18,18,20,15
41,28,39.112,38,57,"Yes","Yes","About once a month","General knowledge",33,"Female",8,4,1,2,6,6,13,7,47,59,6,11,1,15,2,2,7,5,3,9,10,7,2,1,6,6,1,8,6,7,7,6,54,6,60,7,44,2,3,4,7,7,1,4,9,6,17,3,1,4,7,10,8,2,1,6,3,1,3,6,6,7,8,6,7
42,26,25.729,81,71,"Yes","Yes","About once every two weeks","Coding,Writing",29,"Male",64,13,32,10,67,10,58,66,91,62,78,34,37,36,26,29,17,61,24,94,2,25,12,19,1,55,1,15,31,13,66,58,66,4,70,18,37,13,39,34,60,6,44,32,83,12,25,10,32,8,60,66,13,19,1,8,1,26,65,20,37,8,33,35,22
43,1,37.537,100,21,"Yes","No","","",36,"Female",51,1,1,1,1,1,1,51,51,100,100,1,1,1,1,1,1,1,1,1,1,1,1,1,1,1,1,1,1,1,1,1,100,1,100,1,1,1,1,1,1,1,1,1,1,1,1,1,1,1,1,1,1,1,1,1,1,1,1,67,1,1,1,1,1
44,30,25.013,31,20,"Yes","Yes","About once every two weeks","Writing",35,"Male",49,1,3,1,24,1,51,94,100,94,98,1,1,1,1,1,4,1,11,39,1,5,1,6,1,14,1,51,13,3,72,50,99,3,74,7,28,1,1,51,98,1,1,1,52,16,1,1,1,15,4,25,23,3,1,2,1,1,85,50,1,1,2,4,26
45,78,7.569,67,62,"Yes","Yes","About once a day","Writing",24,"Female",56,9,38,32,58,14,1,63,59,65,58,27,46,35,38,19,50,39,51,61,16,45,12,25,66,24,5,49,9,36,60,52,70,11,92,51,7,2,31,27,76,13,42,36,58,1,19,21,2,6,53,36,1,4,8,33,3,41,58,14,5,22,44,26,51
46,50,42.787,52,52,"Yes","No","","",40,"Female",100,100,100,1,100,51,1,100,100,100,100,1,1,51,1,100,100,51,100,51,100,1,100,100,100,51,1,1,1,100,100,100,100,100,100,51,1,1,51,50,1,100,100,100,50,100,100,51,51,100,100,100,51,51,51,100,1,100,100,51,51,1,51,1,1
47,2,27.739,100,1,"Yes","No","","",65,"Male",19,1,1,1,57,1,15,100,100,100,100,1,1,1,1,1,1,1,73,90,1,20,1,1,1,1,1,93,1,2,57,31,55,1,27,1,1,1,1,17,73,1,1,1,100,1,1,1,1,1,21,57,1,1,1,1,1,1,97,69,1,1,1,8,1
48,46,60.751,64,69,"Yes","No","","",68,"Female",24,8,1,1,67,1,1,62,62,44,72,1,1,1,1,1,1,1,1,4,1,5,1,1,51,1,1,1,8,1,74,9,72,1,78,12,24,1,1,1,72,1,1,1,74,1,1,1,1,6,24,8,2,1,1,1,1,1,66,17,1,1,1,9,3
49,1,12.739,100,39,"Yes","Yes","About once a month","Other",27,"Female",1,1,1,1,1,1,1,11,51,22,45,1,1,1,1,1,1,1,1,1,1,1,1,1,1,1,1,1,1,1,1,1,1,1,1,1,1,1,1,1,1,1,1,1,1,1,1,1,1,1,1,1,1,1,1,1,1,1,1,1,1,1,1,1,1
50,1,11.87,100,72,"Yes","No","","",30,"Male",1,1,1,1,1,1,1,1,1,1,1,1,1,1,1,1,1,1,1,1,1,1,1,1,1,1,1,1,1,1,1,1,1,1,1,1,1,1,1,1,1,1,1,1,1,1,1,1,1,1,1,1,1,1,1,1,1,1,1,1,1,1,1,1,1
51,51,9.852,8,17,"Yes","No","","",44,"Female",1,1,1,1,100,1,1,51,51,51,51,1,1,1,1,1,1,1,1,100,1,1,1,1,1,1,1,1,1,1,100,14,100,1,100,83,1,1,1,51,20,1,1,1,51,1,1,1,1,1,1,1,1,1,1,1,1,1,51,1,1,1,1,1,1
52,12,52.887,94,66,"Yes","No","","",52,"Male",50,1,1,1,50,1,1,73,100,50,74,1,1,1,1,1,1,1,1,27,1,1,1,1,1,1,1,1,1,1,25,1,50,1,73,1,1,1,1,1,50,1,1,1,50,1,1,1,1,1,1,50,1,1,1,1,1,1,27,1,1,1,1,1,1
53,1,14.452,100,34,"Yes","Yes","About once a month","General knowledge",32,"Male",1,1,1,1,1,1,1,32,1,10,1,1,1,1,1,1,1,1,1,1,1,1,1,1,1,1,1,1,1,1,15,1,25,1,1,1,1,1,1,1,1,1,1,1,1,1,1,1,1,1,1,1,1,1,1,1,1,1,1,1,1,1,1,1,1
54,1,46.051,100,23,"No","","","",69,"Male",1,1,1,1,64,1,1,1,72,74,1,1,1,1,1,1,1,1,1,1,1,1,1,1,58,1,1,1,1,1,74,1,73,1,78,1,1,1,1,1,1,1,1,1,75,1,1,1,1,1,1,1,1,1,1,1,1,1,1,1,1,1,1,1,1
55,9,49.679,81,20,"Yes","Yes","About once a month","Writing,Other",25,"Female",51,2,2,2,25,1,1,51,87,60,51,2,4,2,1,3,2,4,3,5,1,6,2,4,3,1,1,1,1,1,21,5,23,1,64,1,1,1,2,1,7,5,12,3,29,1,1,1,1,3,1,9,1,3,1,1,1,2,6,2,2,1,1,1,1
56,1,74.158,100,58,"Yes","Yes","About once a day","General knowledge",43,"Female",1,1,1,1,1,1,1,1,1,1,1,1,1,1,1,1,1,1,1,1,1,1,1,1,1,1,1,1,1,1,1,1,1,1,1,1,1,1,1,1,1,1,1,1,1,1,1,1,1,1,1,1,1,1,1,1,1,1,1,1,1,1,1,1,1
57,23,94.796,66,53,"Yes","No","","",33,"Male",51,13,1,4,6,16,14,29,77,87,65,1,5,6,14,1,17,5,8,7,1,8,9,11,17,1,1,7,18,4,50,34,64,21,29,6,9,8,11,16,18,9,5,11,26,8,9,10,14,1,8,30,11,7,1,20,1,10,16,36,12,23,1,9,9
58,84,21.716,74,24,"Yes","Yes","About once a week","Writing",45,"Male",44,31,24,19,68,12,12,67,72,74,80,11,23,13,13,14,33,36,51,42,11,38,32,22,71,28,2,66,38,27,70,28,75,22,88,35,39,11,19,27,70,22,14,12,57,24,14,41,15,11,66,56,43,11,30,13,1,29,61,43,26,24,38,43,27
59,44,25.868,52,36,"No","","","",40,"Female",12,5,1,1,1,1,1,57,37,60,46,1,1,1,1,21,1,1,13,1,1,1,1,20,1,1,1,16,1,1,70,7,1,1,63,1,1,1,1,40,69,1,1,1,38,1,1,1,3,8,1,1,1,2,1,1,1,1,9,1,1,1,1,1,1
60,72,22.435,47,64,"Yes","Yes","About once a month","General knowledge",62,"Female",55,56,54,46,98,47,41,92,93,81,66,55,53,47,50,54,54,41,56,56,55,54,55,59,100,48,31,73,56,46,86,55,100,54,100,55,64,41,46,58,91,56,59,45,96,55,55,55,56,56,100,59,55,46,63,46,36,56,100,45,55,45,45,46,54
61,51,24.755,59,65,"Yes","No","","",22,"Male",50,23,28,1,1,1,17,69,62,66,38,1,26,26,8,16,18,1,1,45,1,31,1,18,50,25,1,72,20,1,63,71,73,6,73,18,42,1,22,41,53,1,20,1,51,3,16,1,14,2,1,50,1,18,1,1,1,10,50,62,23,1,18,11,14
62,1,98.504,100,18,"Yes","No","","",31,"Female",1,1,1,1,1,1,1,100,1,100,100,1,1,1,1,1,1,1,1,1,1,1,1,1,1,1,1,100,1,1,1,1,1,1,100,1,1,1,1,1,50,1,1,1,74,1,1,1,1,1,1,1,1,1,1,1,1,1,1,1,1,1,1,1,1
63,1,61.999,66,25,"Yes","No","","",61,"Female",57,1,1,1,83,1,1,76,90,77,86,1,1,1,1,1,1,1,2,1,1,1,1,1,1,1,1,1,1,1,80,1,82,1,9,1,1,1,1,10,78,1,1,1,79,1,1,1,1,1,1,72,1,1,1,1,1,1,4,6,1,1,1,1,1
64,74,3.102,85,81,"Yes","Yes","About once a month","General knowledge",23,"Female",75,33,25,78,77,81,6,94,28,78,81,16,24,65,24,70,1,73,80,1,39,76,77,75,72,15,23,95,81,28,22,30,21,13,81,77,85,9,78,57,30,77,61,53,28,89,28,84,14,86,92,23,74,79,78,28,68,68,42,26,45,74,91,63,81
65,24,148.138,79,69,"Yes","Yes","About once a month","General knowledge",46,"Female",68,67,76,16,86,12,18,91,86,92,100,7,27,1,20,81,64,26,75,76,17,81,12,72,86,1,1,8,1,24,100,26,73,14,69,27,8,1,13,81,87,12,19,23,93,70,31,24,5,9,95,100,26,16,1,21,1,21,80,69,74,14,70,22,25
66,1,223.66,100,11,"Yes","Yes","More than once a day","General knowledge,Coding,Writing",50,"Male",10,7,7,1,13,1,13,51,40,24,37,1,1,5,1,8,8,1,6,1,6,7,1,3,10,7,1,1,1,13,50,12,7,4,51,5,1,1,7,5,45,8,10,4,14,8,1,12,1,4,10,12,6,6,1,5,1,6,5,10,5,1,42,7,7
67,14,17.932,4,78,"Yes","Yes","About once a day","General knowledge",21,"Female",78,1,1,1,1,1,1,1,80,64,39,2,1,1,2,1,7,1,1,5,3,1,2,1,1,1,1,1,1,2,85,1,79,1,51,1,1,1,13,1,60,1,1,1,58,5,1,1,5,1,1,51,1,4,1,1,1,1,58,62,1,4,1,1,1
68,1,25.969,100,1,"Yes","No","","",81,"Female",1,1,1,1,64,1,1,56,62,64,87,1,1,1,1,1,1,1,1,1,1,1,1,1,21,1,1,1,1,1,6,1,60,1,81,1,1,1,1,1,59,1,1,1,31,1,1,1,1,1,57,1,1,1,21,1,1,1,1,1,1,1,1,1,1
69,46,34.632,62,45,"Yes","No","","",42,"Female",2,1,1,1,2,1,1,51,79,51,34,1,1,1,1,1,1,3,1,1,2,39,2,13,51,1,1,1,3,1,51,1,1,1,7,1,1,1,5,28,2,1,1,2,1,3,1,1,1,2,1,2,32,1,1,1,1,1,2,5,1,1,1,1,1
70,70,8.385,66,93,"Yes","Yes","About once a month","General knowledge",21,"Female",73,13,19,20,7,38,20,95,97,99,99,19,98,96,31,9,11,19,99,15,66,61,33,67,1,33,3,97,27,4,100,76,95,29,99,13,24,5,16,77,97,7,24,11,98,59,9,14,74,13,99,12,91,6,2,12,2,15,98,98,15,29,21,97,15
71,1,16.26,100,33,"Yes","Yes","About once a week","General knowledge,Writing",38,"Male",22,1,1,1,75,1,1,1,70,40,70,1,1,1,9,1,1,1,23,1,1,1,1,1,1,1,1,84,1,22,1,1,100,1,69,1,1,1,1,1,73,1,64,1,24,1,1,1,1,1,5,68,26,1,1,9,1,1,8,21,1,1,1,1,1
72,42,27.487,73,28,"Yes","Yes","About once every two weeks","Writing",28,"Female",9,2,2,1,2,1,1,100,99,89,89,3,1,13,1,1,1,1,65,1,1,1,1,1,1,2,2,68,1,1,100,80,99,1,84,1,64,1,1,1,100,1,2,1,92,2,1,2,1,1,80,94,1,1,1,1,1,1,1,11,1,1,1,1,1
73,1,40.645,100,1,"Yes","No","","",68,"Female",37,1,1,1,100,1,40,51,100,50,80,1,1,1,1,1,1,1,1,1,1,1,1,1,51,1,1,1,1,1,76,1,100,1,100,19,37,1,1,15,100,1,1,1,63,1,1,1,1,1,1,100,1,1,1,1,1,1,51,1,1,1,1,1,1
74,27,20.407,75,39,"Yes","Yes","About once every two weeks","General knowledge",57,"Female",74,54,1,1,99,1,8,100,100,97,100,1,1,57,1,41,51,80,1,54,1,24,8,39,52,10,1,21,7,1,85,86,100,11,100,51,42,51,1,51,95,41,3,2,87,15,1,2,1,12,40,74,11,4,1,1,1,1,22,88,1,6,1,17,25
75,87,12.89,41,69,"Yes","Yes","More than once a day","General knowledge,Coding,Writing",25,"Male",54,65,1,1,1,1,6,100,100,100,87,1,1,82,25,23,100,3,54,100,37,1,1,27,44,56,1,100,28,26,100,23,100,1,56,1,35,1,31,38,100,8,26,34,100,41,1,40,1,1,1,1,33,1,1,10,43,30,100,87,1,57,1,1,1
76,26,17.146,70,42,"Yes","No","","",30,"Female",18,34,44,14,56,14,65,53,83,60,63,9,57,18,20,38,21,6,24,22,42,15,23,27,61,15,8,26,37,15,73,59,82,13,66,19,61,20,28,46,34,23,22,32,53,20,17,30,32,17,48,38,28,6,2,26,10,29,64,67,30,18,38,27,23
77,100,6.237,96,89,"Yes","Yes","More than once a day","General knowledge,Coding,Writing",49,"Female",75,30,90,57,81,85,96,93,100,82,67,43,97,69,71,89,100,1,45,51,94,82,67,100,84,80,90,44,73,40,100,84,83,84,94,51,77,21,91,61,93,96,27,93,80,62,89,79,92,93,1,53,40,100,90,69,1,75,100,84,92,81,87,37,90
78,38,18.629,14,50,"Yes","No","","",34,"Female",51,1,1,1,51,1,50,77,71,70,75,1,1,1,1,1,1,1,51,1,1,25,1,1,49,1,1,1,1,1,51,51,93,1,73,5,5,1,1,1,51,1,2,1,51,1,1,1,1,1,1,19,1,1,1,1,1,1,52,10,1,6,1,34,1
79,65,99.759,49,31,"Yes","No","","",32,"Male",60,26,24,26,71,2,4,89,97,73,73,25,29,5,28,4,10,1,72,73,2,60,14,29,96,3,1,26,1,2,99,51,99,23,99,1,50,1,5,1,100,3,1,5,88,9,5,21,26,1,100,93,7,4,4,24,1,36,76,34,27,24,20,60,44
80,8,42.019,61,29,"Yes","Yes","About once a month","General knowledge",65,"Male",2,2,2,2,70,2,2,13,95,75,67,2,2,2,2,2,2,4,4,9,4,3,2,2,73,5,2,1,2,2,12,7,3,2,92,7,2,2,1,2,2,2,2,3,6,2,2,2,2,1,2,10,1,2,9,4,5,2,3,1,2,1,3,2,1
81,1,43.938,100,1,"Yes","No","","",74,"Female",51,1,1,1,100,1,1,100,100,100,100,1,1,1,19,1,1,1,20,51,1,1,1,1,100,1,1,51,18,1,100,100,100,1,100,1,22,1,1,21,87,1,1,9,100,1,1,6,1,1,100,100,1,1,1,1,1,1,51,22,1,1,1,1,1
82,7,77.609,91,52,"Yes","No","","",70,"Male",1,1,1,1,1,1,1,1,84,1,1,1,1,1,1,1,1,1,1,1,1,1,1,1,1,1,1,1,1,1,1,1,1,1,67,1,1,1,1,1,51,1,1,1,1,1,1,1,1,1,1,1,1,1,1,1,1,1,1,1,1,1,1,1,1
83,1,60.359,100,5,"Yes","No","","",61,"Female",1,1,1,1,1,1,1,1,1,1,1,1,1,1,1,1,1,1,1,1,1,1,1,1,1,1,1,1,1,1,1,1,1,1,1,1,1,1,1,1,1,1,1,1,1,1,1,1,1,1,1,1,1,1,1,1,1,1,1,1,1,1,1,1,1
84,58,67.7,65,64,"No","","","",34,"Male",71,83,72,64,60,62,62,75,60,80,61,40,73,74,45,77,83,72,59,61,65,80,61,73,71,66,46,72,83,42,63,71,64,62,75,67,79,42,65,65,63,64,60,46,90,56,58,56,70,40,61,63,72,62,45,63,40,62,80,60,70,68,49,61,61
85,4,11.39,90,69,"Yes","Yes","About once a month","General knowledge",46,"Male",1,1,1,1,100,1,1,100,100,79,96,1,1,1,2,1,1,1,1,67,1,2,1,1,74,1,1,5,1,1,87,4,96,1,88,1,1,1,1,11,58,1,1,1,56,1,1,1,1,1,70,1,6,1,1,1,1,1,74,1,1,1,1,1,1
86,5,45.043,100,19,"Yes","No","","",54,"Female",1,1,1,1,1,1,1,10,91,17,10,1,1,1,1,1,1,1,1,1,1,1,1,1,1,1,1,1,1,1,4,1,1,1,6,1,1,1,1,9,1,1,1,1,1,1,1,1,1,1,1,1,1,1,1,1,1,1,1,1,1,1,1,1,1
87,1,27.142,83,35,"Yes","Yes","About once every two weeks","Writing",75,"Female",100,1,1,1,1,1,29,1,10,35,1,1,1,1,1,1,1,1,1,69,1,19,1,1,34,1,1,1,1,1,41,1,71,1,72,1,1,1,1,1,1,1,1,1,1,1,1,1,1,1,1,53,1,1,1,1,1,1,1,1,1,1,1,1,1
88,15,19.897,11,22,"Yes","No","","",21,"Non-binary / third gender",15,40,45,7,94,1,45,77,91,94,91,21,54,10,25,31,65,1,38,8,21,40,18,7,1,9,1,1,1,36,87,40,100,10,90,1,51,1,11,36,10,11,4,20,100,19,20,16,12,12,1,54,64,7,1,25,1,53,96,68,21,1,18,13,1
89,1,36.082,86,9,"Yes","Yes","About once a month","General knowledge,Coding",29,"Male",54,1,1,1,1,1,1,1,66,74,69,1,1,1,1,1,1,1,1,1,1,1,1,1,1,1,1,1,1,1,82,1,91,1,59,1,1,1,1,1,57,1,1,1,1,1,1,1,1,1,4,1,1,1,1,1,1,1,1,1,1,1,1,1,1
90,25,105.564,85,39,"Yes","Yes","About once a month","General knowledge",39,"Male",51,1,1,1,99,1,2,1,95,89,100,2,1,1,1,1,1,33,100,14,1,1,1,1,1,1,1,1,1,2,63,1,98,1,100,51,1,1,1,100,100,1,1,1,86,1,1,1,1,1,1,95,1,1,1,1,1,1,51,39,1,1,1,1,1
91,56,40.002,70,33,"Yes","Yes","More than once a day","Writing",69,"Female",64,1,1,1,82,1,9,95,100,100,100,1,1,9,1,1,1,1,1,3,1,1,1,1,1,1,1,97,1,1,90,56,98,1,100,1,67,1,2,59,83,1,2,1,99,1,1,1,1,1,1,70,1,1,1,1,1,1,88,1,3,1,14,1,1
92,1,33.984,100,19,"Yes","Yes","About once a month","General knowledge",30,"Male",1,1,1,1,51,1,1,24,64,15,26,1,1,1,1,1,1,1,1,1,1,1,1,1,1,1,1,1,1,1,1,1,1,1,23,1,1,1,1,1,1,1,1,1,1,1,1,1,1,1,1,1,1,1,1,1,1,1,1,1,1,1,1,1,16
93,1,25.491,100,2,"Yes","No","","",58,"Female",1,1,1,1,71,1,1,91,87,51,97,1,1,1,1,1,1,1,1,1,1,1,1,1,100,1,1,1,1,1,50,1,99,1,100,1,1,1,1,1,100,1,1,1,1,1,1,1,1,1,1,1,1,1,1,1,1,1,5,1,1,1,1,1,1
94,7,26.658,69,38,"Yes","No","","",41,"Female",26,1,1,1,78,1,2,57,36,60,51,1,1,1,1,3,1,2,2,50,1,2,1,65,2,1,1,1,2,3,1,1,2,1,86,1,2,3,1,2,38,1,1,1,50,1,2,1,1,1,6,1,36,1,1,1,1,1,33,30,1,3,3,2,1
95,44,82.666,44,61,"Yes","Yes","About once a week","General knowledge,Writing",20,"Male",76,59,19,28,36,20,2,77,90,66,62,13,6,65,57,42,36,38,34,27,21,31,5,57,39,39,3,37,35,27,67,11,55,5,76,17,36,1,38,23,66,11,12,57,64,30,34,44,36,39,8,58,68,42,16,45,1,40,59,33,24,35,38,58,28
96,1,30.505,100,20,"Yes","Yes","About once every two weeks","General knowledge",38,"Male",50,1,1,1,50,1,24,50,100,100,100,1,1,1,1,1,1,1,1,1,1,1,1,1,1,1,1,1,1,1,100,1,100,1,100,1,1,1,1,1,1,1,1,1,1,1,1,1,1,1,1,23,1,1,1,1,1,1,49,1,1,1,1,1,1
97,1,20.536,41,40,"Yes","No","","",25,"Female",1,9,14,18,16,1,7,93,78,98,83,1,1,2,16,9,3,2,2,86,2,1,1,5,89,11,7,8,9,1,70,59,88,2,83,6,18,1,4,14,82,7,18,21,70,4,1,1,3,20,1,1,73,26,1,3,1,13,26,2,10,4,12,2,2
98,1,26.524,64,10,"Yes","Yes","About once a month","Other",66,"Female",56,1,1,1,1,1,1,68,81,84,66,1,1,1,1,1,1,1,20,1,1,1,1,1,49,1,1,70,24,1,63,1,64,1,74,1,32,1,1,1,14,1,1,1,64,1,1,1,1,1,1,62,16,1,1,1,1,1,51,1,1,1,1,1,1
99,79,166.132,64,88,"Yes","No","","",35,"Male",1,1,1,1,74,1,1,71,79,100,83,1,1,1,1,1,1,1,1,1,1,1,1,1,77,1,1,1,1,1,74,1,66,1,70,1,71,1,1,1,71,1,1,1,73,1,1,1,1,1,73,1,1,1,1,1,1,1,1,1,1,1,1,1,1
100,19,15.688,84,52,"Yes","Yes","About once every two weeks","General knowledge",68,"Male",40,37,2,5,64,9,32,84,68,74,87,9,6,7,6,16,3,6,38,63,3,29,5,3,12,51,2,22,13,5,59,33,51,2,75,6,38,2,15,51,31,9,11,20,72,27,22,9,6,3,18,58,35,5,5,11,3,5,51,44,5,5,7,9,13
101,52,24.802,80,75,"Yes","Yes","About once every two weeks","General knowledge,Writing",59,"Female",63,14,6,1,68,1,11,58,66,78,40,1,1,1,1,1,13,6,3,20,1,1,1,1,63,1,1,68,30,1,77,19,82,1,83,1,66,1,3,23,9,1,1,1,70,14,1,1,1,1,43,31,3,1,1,1,1,1,66,22,1,1,1,24,15
102,62,77.532,34,61,"Yes","Yes","About once every two weeks","General knowledge",21,"Female",25,47,13,32,29,16,44,59,83,43,36,32,19,35,23,37,44,1,19,42,17,41,25,33,35,35,5,42,24,17,39,26,30,30,39,8,67,1,32,33,50,1,7,20,22,1,22,67,26,17,33,33,1,20,1,23,1,33,37,11,38,28,37,27,20
103,1,40.439,100,2,"Yes","No","","",29,"Female",50,1,1,1,1,1,1,1,1,82,61,1,1,1,1,1,1,1,1,1,1,1,1,1,1,1,1,1,1,1,1,1,79,1,61,1,1,1,1,1,1,1,1,1,51,1,1,1,1,1,1,1,1,1,1,1,1,1,1,1,1,1,1,1,1
104,22,25.372,90,55,"Yes","Yes","About once a month","General knowledge",31,"Female",14,1,1,1,6,2,4,100,100,84,99,1,1,2,2,1,1,2,6,18,1,1,14,2,3,1,1,16,1,3,100,18,100,2,68,51,2,1,7,51,6,2,12,12,10,10,1,1,4,1,1,86,51,2,1,9,1,62,9,23,5,1,30,3,2
105,50,29.702,24,52,"Yes","Yes","About once a month","Other",26,"Male",1,1,1,1,1,1,1,100,100,51,80,1,1,1,1,1,1,1,1,1,1,1,1,1,1,1,1,1,1,1,50,1,50,1,100,1,1,1,1,1,1,1,1,1,51,1,1,1,1,1,1,1,1,1,1,1,1,1,1,1,1,1,1,1,1
106,10,62.157,86,21,"Yes","Yes","About once a month","General knowledge",59,"Female",53,1,1,1,60,1,37,78,100,93,88,1,1,1,19,9,1,8,32,41,1,25,3,1,11,9,1,1,1,1,92,5,66,1,91,1,5,1,1,74,6,1,1,4,71,8,7,7,1,1,1,28,58,1,1,1,1,1,59,21,1,1,8,9,1
107,27,27.675,36,80,"Yes","No","","",23,"Non-binary / third gender",50,1,1,1,63,1,1,59,75,70,64,1,1,1,1,1,1,1,1,1,1,1,1,1,1,1,1,1,1,1,62,1,63,1,73,1,1,1,1,1,58,1,1,1,32,1,1,1,1,1,1,50,1,1,1,1,1,1,1,27,1,1,1,1,1
108,1,30.901,100,34,"Yes","No","","",61,"Female",7,1,1,1,95,1,14,100,86,100,100,1,1,1,1,1,1,1,76,1,1,1,1,1,1,1,1,50,9,11,51,50,100,1,90,92,12,1,1,1,96,1,71,1,61,1,1,1,1,1,1,50,32,1,1,1,1,1,50,50,1,18,1,16,1
109,39,112.969,57,75,"Yes","No","","",40,"Male",38,23,12,41,80,10,13,87,69,65,88,1,5,13,24,19,29,13,15,32,12,41,16,24,77,22,3,37,9,16,85,38,87,19,74,16,33,21,15,13,77,27,11,11,33,28,18,8,19,27,22,10,40,1,4,9,1,26,88,12,15,36,29,13,27
110,22,48.102,72,29,"Yes","No","","",64,"Female",36,51,74,31,52,73,60,75,39,28,51,31,51,27,25,51,51,82,52,36,62,51,21,28,71,34,9,51,24,96,87,51,31,72,71,51,51,51,51,71,51,71,51,61,78,33,51,27,73,22,51,51,51,33,51,51,10,25,68,69,51,33,51,29,25
111,21,53.516,70,50,"Yes","Yes","About once a week","General knowledge,Coding,Writing",27,"Female",33,1,1,1,19,1,5,78,100,74,77,1,1,1,1,1,1,1,1,15,1,1,1,1,1,1,1,49,1,1,91,52,100,1,78,1,1,1,1,1,81,1,1,1,82,1,1,1,1,1,1,13,1,1,1,1,1,1,72,26,1,1,1,7,1
112,15,35.164,87,12,"Yes","Yes","About once a week","General knowledge,Coding",27,"Male",40,1,1,1,50,1,1,75,78,75,69,1,1,1,1,1,1,1,14,1,1,1,1,1,1,1,1,24,1,1,67,32,71,1,53,1,11,1,1,24,63,1,1,1,61,1,1,1,1,1,1,9,57,1,1,1,1,1,66,40,1,1,1,1,1
113,75,7.038,91,91,"Yes","Yes","About once a week","General knowledge",35,"Female",96,61,60,12,91,6,67,87,100,97,94,32,58,59,56,65,65,6,61,93,54,54,75,56,57,55,1,93,73,57,99,61,94,64,87,57,79,28,53,87,90,56,56,60,84,60,38,57,44,58,56,88,89,45,10,58,23,59,98,81,58,43,55,76,38
114,1,6.125,100,18,"Yes","Yes","About once a month","General knowledge,Writing",33,"Male",51,1,1,1,50,1,1,50,100,12,52,1,1,1,1,1,1,1,22,1,1,1,1,1,9,1,1,1,1,1,1,1,36,1,100,1,1,1,1,16,51,1,1,1,1,1,1,1,1,1,2,1,1,1,1,1,1,1,1,1,1,1,1,1,1
115,8,22.942,74,36,"Yes","No","","",36,"Male",23,28,13,23,63,17,30,39,34,46,46,4,20,8,17,20,25,22,35,20,15,6,6,6,51,15,6,26,8,8,41,26,30,3,74,25,14,16,13,21,38,9,12,7,55,10,24,6,15,10,62,32,23,10,27,17,1,15,60,31,17,16,19,16,6
116,74,15.958,79,69,"Yes","Yes","About once a month","General knowledge",47,"Male",63,78,62,35,59,40,62,75,83,78,55,41,63,51,53,66,62,61,65,62,75,43,58,58,75,72,42,76,40,75,83,84,75,29,83,37,66,32,81,76,73,64,66,77,57,61,53,67,79,32,34,80,71,34,39,75,32,55,58,77,57,60,58,65,58
117,9,24.985,94,66,"Yes","No","","",27,"Female",64,7,5,3,90,3,14,100,96,100,98,6,7,14,2,5,6,1,69,12,7,18,5,7,94,9,1,9,1,10,100,82,100,1,100,35,31,11,10,15,100,4,7,9,97,6,9,12,8,6,8,60,6,4,1,9,1,7,84,38,1,15,4,75,1
118,69,3.328,5,65,"Yes","Yes","About once a day","General knowledge",32,"Male",13,22,13,16,72,4,11,94,31,88,85,17,21,9,20,28,6,20,11,7,60,13,24,15,84,8,4,65,33,6,89,8,97,14,83,11,26,9,16,70,91,4,20,12,63,9,4,13,13,10,83,14,83,10,10,19,2,4,10,26,17,9,36,21,23
119,51,91.762,100,69,"Yes","Yes","More than once a day","General knowledge,Writing",66,"Male",92,80,3,1,94,85,1,80,100,95,100,1,81,5,24,51,1,97,62,100,1,1,33,28,80,93,1,85,63,34,100,76,100,9,100,90,89,28,30,55,93,48,95,1,98,37,81,1,1,10,7,67,16,1,1,1,1,1,100,80,89,10,23,17,14
120,38,36.315,30,67,"Yes","No","","",29,"Female",68,11,1,1,62,1,1,33,76,56,63,1,1,1,1,1,26,14,58,1,1,4,1,1,65,1,1,11,1,1,90,35,93,1,64,1,1,1,1,1,13,1,4,14,60,1,1,1,3,1,12,35,5,11,1,1,1,5,64,57,1,1,2,57,1
121,1,31.574,100,42,"Yes","Yes","About once a day","General knowledge,Coding,Writing,Other",19,"Male",61,1,1,1,58,1,1,1,77,79,88,1,1,1,1,1,1,1,73,17,1,1,1,1,1,1,1,1,1,1,73,1,100,1,67,1,3,1,1,44,42,1,1,1,46,1,1,1,1,1,1,53,23,1,1,1,1,1,16,61,1,1,1,1,1
122,1,50.1,100,10,"Yes","No","","",52,"Female",51,1,1,1,100,1,51,100,100,100,95,1,1,1,1,1,1,1,1,51,1,1,1,1,51,1,1,51,1,1,51,1,100,1,100,1,1,1,1,100,100,1,51,1,100,1,1,1,1,1,51,100,1,1,1,1,1,1,1,23,1,1,1,1,1
123,2,33.504,78,24,"Yes","No","","",56,"Female",9,1,1,1,76,1,1,67,76,58,67,1,1,1,1,1,1,1,10,1,1,5,1,1,63,1,1,1,1,1,65,3,71,1,84,1,10,1,1,7,11,1,21,1,63,1,1,1,1,1,21,27,1,1,1,4,1,1,58,8,1,1,7,1,1
124,1,42.622,100,24,"Yes","No","","",40,"Male",50,1,1,1,46,1,1,76,16,74,78,1,1,1,1,1,1,1,1,1,1,1,1,1,50,1,1,1,1,1,50,1,100,1,72,1,1,1,1,1,1,1,1,1,1,1,1,1,1,1,1,1,1,1,1,1,1,1,1,1,1,1,1,1,1
125,7,58.208,89,25,"Yes","No","","",34,"Female",66,3,2,1,93,1,3,86,68,99,93,1,7,2,1,1,2,1,8,4,3,19,1,1,64,1,1,14,1,1,95,26,97,1,86,6,39,1,1,38,91,10,3,1,15,2,1,3,1,2,1,73,1,1,1,2,1,1,27,41,2,57,1,7,1
126,25,13.457,51,46,"Yes","No","","",26,"Female",51,6,1,1,65,1,1,98,100,98,94,1,1,1,1,1,1,1,23,1,1,37,3,51,51,1,1,1,1,1,93,86,99,1,94,17,65,1,1,1,83,1,1,4,82,1,1,1,1,1,3,1,3,1,1,1,1,1,72,61,1,1,1,1,1
127,51,22.971,42,49,"Yes","No","","",37,"Female",52,7,1,1,51,1,26,71,78,68,66,15,1,1,1,1,10,1,33,46,1,22,1,1,54,27,1,12,13,1,64,19,45,1,64,38,11,1,1,33,48,1,22,1,67,1,1,1,1,1,1,70,51,1,1,1,1,20,49,40,18,1,13,1,1
128,1,27.767,100,70,"Yes","Yes","About once a week","General knowledge,Writing",57,"Male",1,1,1,1,1,1,1,3,50,6,1,1,1,1,1,1,1,1,1,11,1,1,1,1,1,1,1,1,1,1,1,1,74,1,51,1,7,1,1,1,1,1,1,1,9,1,1,1,1,1,1,1,1,1,1,1,1,1,1,1,1,1,1,1,1
129,87,9.421,89,84,"Yes","Yes","About once a week","General knowledge",26,"Male",100,1,100,2,80,100,100,100,100,100,98,100,100,100,1,1,1,1,100,95,1,81,1,1,1,1,1,100,100,1,100,77,100,100,100,100,100,1,1,71,100,96,100,1,7,1,1,1,68,1,90,60,99,2,1,1,2,2,100,100,1,62,1,98,65
130,42,5.286,60,100,"No","","","",25,"Female",39,66,62,57,63,45,85,40,92,50,43,51,26,66,50,54,61,22,38,73,55,36,30,44,51,81,73,96,62,51,36,35,35,69,50,33,45,43,94,59,64,44,61,65,26,35,44,13,58,59,95,97,39,98,62,92,51,14,55,43,40,92,69,29,43
131,2,41.227,99,4,"Yes","No","","",61,"Female",4,1,1,1,78,3,1,83,95,100,93,1,5,1,1,1,1,1,1,2,1,6,1,1,98,1,1,1,1,1,100,1,97,1,100,4,4,1,1,1,90,1,1,1,4,1,1,1,1,1,79,50,1,1,19,1,1,1,11,4,1,1,1,5,1
132,5,14.508,52,46,"Yes","Yes","About once every two weeks","General knowledge",43,"Female",50,24,13,29,20,26,26,61,70,56,69,14,18,11,12,13,23,11,39,44,22,8,25,10,31,15,1,56,50,19,66,60,89,2,68,18,18,8,4,23,56,8,23,31,59,34,28,15,9,1,8,29,16,22,10,38,17,17,66,7,14,15,26,26,20
133,1,68.602,100,89,"Yes","Yes","About once a day","General knowledge,Writing",23,"Male",1,1,1,1,1,1,1,1,1,1,1,1,1,1,1,1,1,1,1,1,1,1,1,1,1,1,1,1,1,1,1,1,100,1,1,1,1,1,1,1,1,1,1,1,1,1,1,1,1,1,1,1,1,1,1,1,1,1,1,1,1,1,1,1,1
134,1,25.043,47,16,"Yes","No","","",56,"Female",66,1,1,1,100,1,1,17,100,100,100,1,1,1,1,1,1,11,1,25,1,1,1,1,1,1,1,1,1,1,1,1,100,1,100,1,1,1,1,1,32,1,1,1,1,1,1,1,1,1,1,70,20,5,1,1,1,1,67,60,1,1,1,42,1
135,2,44.344,100,1,"Yes","Yes","About once a month","General knowledge",41,"Male",2,3,2,1,1,4,3,100,100,51,80,1,2,1,1,2,1,1,1,1,1,1,2,1,1,2,1,1,2,2,78,41,100,2,1,1,51,2,2,1,1,2,1,1,1,1,3,2,2,1,1,1,2,2,1,1,1,1,76,2,1,1,1,3,1
136,1,80.358,100,29,"Yes","No","","",43,"Male",1,1,1,1,1,1,1,51,63,70,51,1,1,1,1,1,1,1,1,1,1,1,1,1,24,1,1,1,1,1,51,26,68,1,68,1,1,1,1,1,51,1,1,1,31,1,1,1,1,1,10,51,1,1,1,1,1,1,18,1,1,1,1,1,1
137,1,28.045,82,33,"Yes","Yes","About once a month","General knowledge",68,"Male",12,1,1,1,100,1,1,100,100,100,100,1,1,1,1,1,1,1,1,47,1,1,1,1,1,1,1,20,1,1,6,1,81,1,100,1,1,1,1,1,45,1,1,1,76,1,1,1,1,1,1,1,1,1,1,1,1,1,47,3,1,1,1,1,1
138,1,32.032,100,24,"Yes","No","","",38,"Female",60,1,1,1,1,1,1,69,77,67,48,1,1,1,1,1,1,1,1,1,1,1,1,1,3,1,1,1,1,1,61,1,87,1,70,1,1,1,1,1,68,1,1,1,30,1,1,1,1,1,1,1,1,1,1,1,1,1,1,1,1,1,1,1,1
139,30,32.896,67,28,"Yes","No","","",57,"Female",5,1,6,1,14,4,8,14,46,5,19,1,3,2,1,6,1,1,1,1,1,1,1,1,1,1,1,1,1,3,54,6,37,1,31,1,1,1,1,1,1,4,1,1,16,3,1,1,1,1,1,1,3,5,1,4,1,1,1,1,1,1,2,1,1
140,23,33.683,70,25,"Yes","Yes","About once a week","General knowledge,Writing",36,"Male",51,1,1,13,51,1,40,51,39,52,81,1,10,1,4,7,26,15,10,32,4,11,1,1,1,9,1,51,1,23,51,50,82,1,54,20,51,5,10,51,52,1,1,1,51,1,1,14,10,7,1,32,22,8,1,18,47,7,52,7,8,1,1,1,1
141,68,40.618,14,69,"Yes","Yes","About once a week","General knowledge,Writing",46,"Female",38,57,78,57,69,57,58,76,94,68,79,26,60,57,41,61,62,70,78,88,29,35,35,61,70,44,30,88,56,33,100,83,97,63,79,69,55,25,53,80,62,73,65,44,80,59,59,42,63,39,62,58,62,39,12,34,16,64,78,36,74,37,40,44,57
142,40,29.757,32,43,"Yes","Yes","About once every two weeks","General knowledge,Writing",69,"Female",87,1,1,1,63,1,1,50,100,65,52,1,4,1,1,1,1,1,21,23,1,1,1,1,1,1,1,17,1,1,98,17,100,1,82,10,1,1,1,1,1,1,1,1,43,1,1,1,1,1,1,85,24,1,1,1,1,1,45,40,1,1,27,1,1
143,4,59.622,100,24,"Yes","Yes","About once a month","General knowledge",48,"Female",38,1,1,1,41,1,23,100,99,92,100,1,1,2,1,1,1,1,1,1,1,1,1,1,36,1,1,1,1,1,100,83,100,1,100,1,1,1,1,1,100,1,1,1,100,1,1,1,1,1,65,9,14,1,1,1,1,1,1,52,1,1,1,1,1
144,78,6.284,68,81,"Yes","No","","",39,"Male",80,61,83,77,59,75,74,67,71,72,84,68,74,78,64,80,67,76,71,83,75,62,62,62,70,77,84,79,64,71,62,68,59,79,72,62,64,79,57,62,62,69,75,65,77,63,69,81,76,61,68,56,62,78,84,62,61,63,76,64,75,78,65,64,85
145,27,25.66,74,59,"Yes","Yes","About once a day","General knowledge,Writing",60,"Male",65,1,2,1,39,1,9,74,85,60,73,1,1,1,4,3,2,1,34,17,2,29,2,13,2,1,1,16,17,1,67,56,87,1,93,1,46,1,3,15,42,1,2,6,46,19,5,2,1,2,6,38,21,1,1,4,1,4,37,46,1,1,2,1,2
146,1,45.756,100,54,"Yes","Yes","About once a week","General knowledge,Writing",32,"Female",51,50,1,1,1,1,1,92,100,86,52,1,1,1,1,1,1,1,1,1,1,1,1,1,1,1,1,1,1,1,100,1,91,1,100,1,1,1,1,1,90,1,1,1,12,1,1,1,1,1,1,1,1,1,1,1,1,1,1,1,1,1,1,1,1
147,13,571.036,42,31,"Yes","No","","",44,"Female",62,1,1,1,87,1,33,100,100,100,100,1,66,1,1,20,1,1,84,61,1,38,1,1,69,10,1,1,4,1,70,76,81,1,87,1,57,1,1,61,78,1,1,1,88,1,29,1,1,1,1,63,1,1,1,59,1,1,80,1,1,1,1,1,1
148,73,76.352,74,73,"Yes","Yes","About once a week","General knowledge",33,"Male",75,74,1,2,89,1,1,83,100,29,95,1,13,42,18,12,15,9,25,13,17,11,11,1,90,12,1,84,100,15,100,1,100,14,100,1,100,10,43,88,100,10,1,40,100,1,11,14,11,1,1,100,12,11,1,13,1,13,100,79,4,1,15,23,1
149,1,19.716,100,5,"Yes","Yes","About once a week","General knowledge,Writing",39,"Female",1,1,1,1,1,1,1,73,84,60,77,1,1,1,1,1,1,1,1,1,1,1,1,1,1,1,1,1,1,1,72,1,1,1,74,1,1,1,1,1,58,1,1,1,34,1,1,1,1,1,1,1,1,1,1,1,1,1,65,1,1,1,1,1,1
150,34,24.029,9,61,"No","","","",33,"Prefer not to say",27,40,27,62,45,6,53,40,76,60,30,10,47,24,51,45,21,58,51,31,18,51,51,54,40,13,51,42,51,47,76,43,77,33,45,2,60,39,40,45,29,69,47,51,47,36,75,19,18,51,65,22,26,56,48,45,51,43,51,1,51,47,51,51,48
151,1,137.724,100,1,"Yes","Yes","About once a month","Writing,Other",38,"Male",50,1,1,1,100,1,1,100,100,100,100,1,1,1,1,1,1,1,1,28,1,1,1,1,1,1,1,15,1,1,39,1,83,1,19,1,1,1,1,8,78,1,7,1,11,1,1,1,1,1,1,1,1,1,1,1,1,1,16,1,1,1,1,1,1
152,76,11.189,62,62,"Yes","Yes","More than once a day","General knowledge,Coding,Writing",53,"Male",64,1,1,1,1,1,1,59,100,68,81,17,1,1,1,1,1,1,1,66,1,1,1,1,1,1,2,80,1,3,70,1,1,1,71,1,72,1,1,23,92,1,61,2,1,1,1,1,1,1,59,67,4,1,1,1,1,1,1,1,1,1,1,3,26
153,12,59.635,25,52,"Yes","Yes","About once a day","General knowledge",66,"Female",33,9,2,1,98,1,17,87,100,92,97,1,1,1,1,4,1,1,74,21,1,19,1,1,94,1,1,5,1,1,100,1,98,1,100,1,1,1,1,29,93,15,1,1,77,1,1,1,1,2,59,93,1,1,5,3,3,1,100,1,8,1,1,1,1
154,59,58.808,76,72,"Yes","Yes","About once a month","General knowledge,Writing",34,"Male",72,12,3,71,87,67,62,83,100,99,98,13,66,28,4,60,30,4,76,79,12,73,42,76,31,59,1,78,60,4,66,61,96,9,98,26,70,4,66,63,78,56,10,13,85,2,27,8,15,13,62,76,95,2,1,34,2,18,80,71,78,6,23,87,5
155,33,24.489,62,33,"Yes","Yes","About once a month","Coding,Writing",29,"Female",70,20,1,1,65,1,80,83,78,74,69,2,51,40,1,17,20,14,59,56,1,23,1,65,1,8,1,70,1,26,100,47,85,1,94,30,75,1,13,80,89,21,86,72,72,38,33,1,12,8,28,26,26,1,1,5,1,33,80,44,29,1,45,51,35
156,7,16.197,94,6,"Yes","Yes","About once a month","General knowledge",34,"Female",50,31,1,1,60,1,1,85,72,100,87,1,1,1,1,1,15,1,59,55,1,16,1,1,1,1,1,66,1,1,68,68,78,1,81,1,24,1,30,28,73,1,1,1,68,1,1,1,10,1,22,1,34,1,1,11,1,1,22,43,1,1,40,1,1
157,1,19.731,1,68,"Yes","Yes","About once every two weeks","General knowledge,Writing,Other",57,"Male",50,1,1,1,1,1,1,1,74,50,1,1,1,1,1,1,1,1,1,1,1,1,1,1,1,1,1,1,1,1,1,1,1,1,1,1,1,1,1,1,1,1,1,1,1,1,1,1,1,1,1,1,1,1,1,1,1,1,1,1,1,1,1,1,1
158,2,44.315,86,53,"Yes","Yes","About once a month","Other",67,"Female",51,1,1,1,94,2,51,87,84,79,86,1,3,3,1,2,2,2,3,51,2,3,1,2,2,3,2,51,1,2,52,51,88,2,92,52,2,1,2,51,83,2,1,2,51,2,2,1,2,2,3,50,51,2,1,1,3,2,51,30,3,3,1,3,2
159,1,23.854,74,1,"Yes","No","","",48,"Male",1,2,1,2,73,1,1,1,78,74,51,1,1,1,1,1,3,2,1,1,1,1,1,1,3,2,1,2,2,1,69,1,100,1,51,1,2,1,1,2,60,1,2,2,51,1,1,1,1,1,1,1,1,2,1,3,3,2,1,51,1,2,1,1,1
160,1,11.669,100,52,"Yes","Yes","About once a month","Writing",22,"Male",1,1,1,1,1,1,1,1,1,1,1,1,1,1,1,1,1,1,1,1,1,1,1,1,1,1,1,1,1,1,1,1,69,1,1,1,1,1,1,1,1,1,1,1,61,1,1,1,1,1,1,1,1,1,1,1,1,1,1,1,1,1,1,1,1
161,1,13.022,100,50,"Yes","No","","",22,"Prefer not to say",1,1,1,1,2,1,1,1,12,1,8,1,1,1,1,1,1,1,1,11,1,1,1,1,1,1,1,1,1,1,3,1,56,1,12,1,1,1,1,1,53,1,1,1,3,1,1,1,1,1,4,1,1,1,1,1,1,1,1,1,1,1,1,1,1
162,1,43.855,92,12,"Yes","Yes","About once a month","Other",57,"Female",13,1,1,1,61,1,1,37,100,58,77,1,1,1,1,1,1,1,1,1,1,1,1,1,51,1,1,1,1,1,61,1,79,1,87,1,1,1,1,1,57,1,1,1,27,1,1,1,1,1,18,1,1,1,1,1,1,1,1,1,1,1,1,1,1
163,4,198.58,52,52,"Yes","No","","",38,"Female",50,2,1,1,51,1,51,100,100,51,100,3,30,1,1,24,1,1,1,51,1,51,1,1,51,1,1,51,1,1,89,28,100,1,100,29,33,1,1,1,99,1,19,1,35,1,1,1,1,1,51,1,1,1,1,1,1,1,100,5,1,1,1,1,1
164,1,38.938,100,1,"Yes","Yes","About once a month","General knowledge,Writing",56,"Male",73,1,1,1,100,1,1,89,97,87,100,1,1,1,1,1,1,1,1,1,1,1,1,1,1,1,1,1,1,1,100,1,100,1,100,1,100,1,1,1,93,1,1,1,1,1,1,1,1,1,73,1,1,1,1,1,1,1,1,1,1,1,1,1,1
165,66,21.923,52,39,"Yes","Yes","About once every two weeks","General knowledge,Writing",48,"Female",57,7,7,18,30,6,48,100,99,99,100,1,20,9,2,8,16,10,19,13,11,55,10,17,100,8,1,52,76,13,100,75,100,11,96,15,78,4,8,33,51,19,63,21,100,2,11,12,9,10,5,55,57,6,1,7,1,8,71,41,6,6,8,13,13
166,69,65.673,57,66,"Yes","Yes","About once a week","General knowledge",38,"Male",29,63,1,1,1,8,1,58,70,67,1,68,70,59,10,65,62,64,1,71,67,61,25,69,74,59,1,77,60,2,64,61,65,75,88,65,66,8,4,71,70,60,1,70,71,13,66,68,69,64,70,63,65,1,65,67,69,57,62,2,68,64,54,45,7
167,20,49.975,80,38,"Yes","Yes","About once a month","General knowledge,Writing",32,"Female",10,24,14,41,12,10,13,57,64,56,58,10,11,9,12,15,11,16,36,24,16,9,9,13,8,16,6,61,13,14,65,28,58,10,64,16,35,5,10,40,59,13,38,15,66,14,16,10,28,9,9,29,28,14,4,16,3,14,40,36,10,16,13,4,8
168,72,22.259,69,64,"Yes","No","","",69,"Male",38,9,13,1,61,22,1,73,90,74,82,6,3,1,1,21,14,3,12,22,1,48,4,14,1,1,1,16,4,4,94,26,74,2,80,11,51,1,8,58,70,1,8,27,45,7,4,1,5,5,1,51,6,3,1,11,1,17,18,40,4,32,16,7,3
169,1,39.365,100,28,"Yes","Yes","About once a month","Writing",25,"Female",34,1,1,16,56,1,1,75,69,90,66,1,1,22,1,1,34,6,41,30,1,1,1,1,4,1,1,65,1,1,100,23,93,1,65,1,1,1,1,29,91,1,12,1,59,1,1,1,1,1,40,1,1,1,1,1,1,1,26,59,1,1,17,19,2
170,6,17.533,98,69,"Yes","Yes","About once a month","General knowledge",43,"Female",65,1,1,5,71,4,3,88,81,74,86,5,6,12,65,60,3,14,36,42,3,57,8,9,9,5,2,88,1,4,67,56,48,6,57,7,22,4,5,59,61,61,35,54,82,39,19,58,25,1,6,56,56,7,2,32,3,1,62,68,18,59,57,11,5
171,2,23.693,94,3,"Yes","Yes","About once a month","General knowledge",61,"Female",4,2,3,3,3,2,4,2,51,30,32,2,3,3,2,1,4,2,9,2,2,2,1,2,3,2,3,2,3,5,51,3,33,3,25,4,1,1,1,1,3,2,1,4,3,3,5,2,3,2,4,3,3,3,1,2,2,1,4,4,1,4,2,3,2
172,27,18.861,22,52,"Yes","No","","",49,"Female",80,1,1,1,61,1,4,50,51,62,67,1,1,1,1,14,1,1,4,51,1,1,2,5,49,1,1,17,10,1,79,12,51,1,100,4,19,1,1,5,51,1,24,1,51,5,1,1,1,1,27,9,1,1,15,1,25,1,22,30,1,1,1,1,1
173,1,42.198,100,54,"Yes","No","","",52,"Male",20,1,1,2,92,1,24,91,85,100,100,1,1,1,1,1,1,1,1,1,1,1,1,1,82,1,1,18,1,1,76,81,100,1,95,1,1,1,1,1,94,1,1,1,70,1,1,1,1,1,72,24,1,1,28,1,1,1,32,58,1,1,1,1,1
174,67,53.03,33,14,"Yes","Yes","About once a month","General knowledge,Writing",39,"Male",52,12,19,7,91,1,4,89,82,40,89,1,1,10,1,7,1,1,14,5,1,4,1,4,32,8,1,51,1,2,92,28,100,1,100,1,36,3,1,15,63,1,4,14,91,4,1,1,1,4,60,21,10,5,24,12,1,5,12,85,7,1,3,2,5
175,1,30.062,100,19,"Yes","Yes","About once a month","General knowledge",46,"Female",1,1,1,1,1,1,1,69,100,70,71,1,1,1,1,1,1,1,15,1,1,1,1,1,1,1,1,1,1,1,73,4,73,1,74,1,1,1,1,1,83,1,1,1,9,1,1,1,1,1,1,1,1,1,1,1,1,1,13,1,1,1,1,1,1
176,60,126.717,69,47,"Yes","Yes","About once a day","General knowledge",38,"Male",21,21,1,1,73,1,78,89,87,100,76,1,67,1,1,1,1,1,62,90,1,89,64,8,1,58,1,56,79,60,81,100,100,1,61,1,61,1,1,49,81,1,12,1,82,65,1,1,89,1,1,45,13,52,1,1,14,1,80,12,1,70,79,61,70
177,26,34.669,52,52,"Yes","No","","",58,"Male",13,5,26,4,3,1,1,47,95,80,82,4,4,2,4,4,5,1,11,3,4,5,6,3,87,6,1,14,8,4,70,6,75,1,95,11,16,1,4,51,76,6,4,7,78,2,9,4,6,2,7,33,3,4,1,7,1,9,27,2,2,2,3,3,5
178,1,58.331,14,7,"Yes","No","","",52,"Female",7,8,1,3,8,2,8,1,77,1,82,1,1,1,1,1,1,1,13,1,13,1,3,1,78,1,3,1,9,1,95,1,1,1,61,1,82,2,1,1,3,1,5,1,1,4,1,3,2,4,1,15,1,19,1,1,1,15,1,3,1,1,1,4,9
179,10,85.625,1,73,"Yes","Yes","More than once a day","General knowledge,Coding",33,"Male",51,1,1,1,100,1,1,1,87,100,91,1,1,1,1,1,1,1,1,76,1,51,1,1,25,1,1,34,27,1,74,1,22,1,87,20,70,1,1,78,100,1,31,1,100,1,1,1,1,1,22,1,64,1,1,1,4,1,88,78,1,1,1,9,1
180,15,28.399,80,62,"Yes","No","","",62,"Female",61,66,14,25,59,24,34,78,95,58,90,5,10,3,9,17,82,4,84,32,6,31,15,6,92,10,2,14,31,13,95,86,97,8,93,61,66,1,6,14,80,3,61,19,75,8,36,8,12,22,34,82,26,6,1,16,1,26,95,74,5,22,69,32,10
181,26,19.918,71,49,"Yes","Yes","About once every two weeks","General knowledge",40,"Male",15,18,30,4,51,3,33,59,50,57,80,16,14,11,13,15,19,22,35,21,3,10,11,7,10,42,1,9,40,9,49,25,80,29,67,15,35,15,10,11,55,29,30,22,49,14,14,15,16,9,10,29,16,23,4,31,1,17,41,22,7,17,5,13,16
182,20,56.869,41,43,"Yes","Yes","About once every two weeks","General knowledge,Writing",38,"Male",11,5,9,7,20,13,4,54,57,61,74,9,3,7,13,4,9,12,12,19,7,7,8,5,4,5,1,33,10,8,20,20,23,3,6,10,10,11,6,4,7,9,10,8,32,7,14,4,8,8,8,41,36,14,10,9,1,11,14,16,7,10,12,8,8
183,80,37.743,75,74,"Yes","No","","",77,"Male",51,64,90,73,81,69,51,98,88,85,91,42,89,35,14,51,65,29,66,51,64,22,60,51,84,88,30,86,74,42,59,88,100,78,92,60,91,27,33,60,98,75,62,65,88,76,55,61,58,59,83,57,51,60,41,51,31,86,63,69,81,62,73,86,84
184,43,76.506,34,64,"Yes","Yes","About once a week","General knowledge",55,"Male",39,25,20,24,66,29,69,75,82,81,72,12,29,22,23,19,26,23,54,57,17,38,28,35,19,31,6,67,39,31,69,57,89,22,72,32,61,2,22,40,59,14,28,17,76,30,27,25,23,15,44,47,28,23,2,25,7,22,62,39,18,32,29,29,40
185,1,51.247,100,14,"Yes","Yes","About once a week","General knowledge",65,"Female",1,1,1,1,100,1,1,100,100,100,100,1,1,1,1,1,1,1,1,100,1,1,1,1,1,1,1,85,1,1,1,82,100,1,100,1,1,1,1,1,100,1,1,1,100,1,1,1,1,1,1,100,1,1,1,1,1,1,1,1,1,1,1,1,1
186,13,51.787,65,26,"Yes","Yes","About once a day","General knowledge",75,"Female",57,1,1,1,1,1,1,100,100,91,100,1,1,1,1,1,1,2,1,2,1,62,1,1,1,1,1,31,1,1,100,84,100,1,67,1,6,1,1,59,1,1,1,3,1,1,1,1,1,1,2,2,1,1,1,1,1,1,1,55,1,1,1,1,1
187,1,28.768,68,6,"Yes","No","","",57,"Female",57,1,1,1,51,1,1,68,100,88,68,1,1,1,1,1,1,1,9,29,1,7,1,1,60,1,1,21,1,1,87,1,58,1,100,1,24,1,1,19,1,1,1,1,100,1,1,1,1,1,25,60,27,1,1,1,1,1,65,6,1,8,1,1,1
188,1,24.141,39,69,"Yes","No","","",43,"Female",35,1,21,1,72,12,12,77,89,63,29,1,9,1,1,1,1,70,19,13,1,1,1,1,100,11,1,56,1,1,100,57,100,1,100,39,63,1,1,64,78,1,43,1,51,1,1,1,23,1,69,17,11,1,1,1,1,13,77,36,1,1,1,1,1
189,36,180.428,68,58,"Yes","No","","",66,"Female",10,16,1,1,90,19,18,89,75,14,60,1,7,6,7,6,9,7,13,76,7,3,21,1,77,6,1,12,4,14,22,11,84,1,86,5,23,15,1,23,64,18,20,3,20,9,7,6,8,1,4,7,11,10,2,1,1,9,25,62,7,9,10,1,4
190,30,63.139,21,61,"Yes","No","","",64,"Female",28,1,1,1,53,1,1,59,98,52,70,1,1,1,1,1,1,1,1,21,1,1,1,1,30,1,1,29,1,1,100,1,73,1,69,1,23,1,1,7,15,1,1,1,1,1,1,1,1,1,77,24,1,1,1,1,1,1,15,30,1,1,1,1,1
191,1,26.185,100,8,"Yes","Yes","About once a month","General knowledge",43,"Male",51,1,1,1,100,1,1,51,100,75,74,1,1,1,1,1,1,1,1,2,1,1,1,1,24,1,1,1,1,1,100,1,100,1,1,1,1,1,1,1,73,1,1,1,51,1,1,1,1,1,20,51,1,1,1,1,1,1,18,1,1,1,1,1,1
192,50,67.834,100,49,"Yes","No","","",25,"Male",51,1,1,1,47,1,50,70,100,55,61,1,1,1,1,1,1,1,1,70,1,31,1,1,1,1,1,79,1,1,100,52,100,1,84,1,1,1,1,53,47,1,1,1,100,1,1,1,1,1,1,52,1,1,1,1,1,1,49,47,1,1,1,1,1
193,25,27.099,60,12,"Yes","No","","",39,"Female",54,26,53,30,68,15,36,100,71,97,100,18,53,55,9,23,15,28,40,48,18,39,16,16,62,39,3,56,56,13,95,68,94,11,100,26,68,18,23,31,75,9,51,59,68,5,26,15,53,12,71,50,62,21,5,29,1,23,60,11,21,44,16,42,46
194,1,25.26,100,66,"Yes","Yes","About once a month","General knowledge",60,"Female",1,1,1,1,1,1,1,1,51,1,51,1,1,1,1,1,1,1,1,1,1,1,1,1,1,1,1,1,1,1,1,1,51,1,1,1,1,1,1,1,1,1,1,1,1,1,1,1,1,1,1,1,1,1,1,1,1,1,1,1,1,1,1,1,1
195,1,28.275,97,1,"Yes","Yes","About once a day","General knowledge,Writing",30,"Male",93,8,5,4,95,35,8,86,98,75,84,2,2,5,3,14,6,1,13,18,5,94,16,52,14,27,1,99,97,3,99,81,98,91,53,1,51,4,8,1,92,8,13,6,99,3,2,53,2,3,75,12,9,2,4,2,9,6,99,92,9,7,88,1,18
196,1,19.969,100,31,"Yes","Yes","About once a month","General knowledge",49,"Female",1,1,1,1,1,1,1,51,100,51,51,1,1,1,1,1,1,1,1,1,1,1,1,1,10,1,1,1,2,1,9,1,51,1,51,1,1,1,1,1,1,1,1,1,51,1,1,1,1,1,1,3,1,1,1,1,1,1,1,1,1,1,1,1,1
197,3,18.041,15,18,"Yes","Yes","About once a month","General knowledge",53,"Female",84,1,1,1,100,1,8,100,100,100,100,1,1,1,1,1,1,1,54,34,1,1,1,1,1,1,1,84,1,1,98,59,99,1,100,1,1,1,1,1,94,1,1,1,87,2,1,1,1,1,35,1,1,1,1,1,1,35,1,33,1,1,1,1,5
198,29,8.958,42,44,"Yes","Yes","About once a month","General knowledge",46,"Female",46,31,24,21,33,19,34,41,44,30,35,26,36,21,20,9,40,12,33,48,17,46,26,9,11,16,14,23,34,22,45,49,45,15,54,42,46,25,13,51,53,13,42,12,45,33,33,17,1,36,30,37,42,33,12,27,28,14,32,40,26,49,41,32,11
199,1,56.034,100,25,"Yes","Yes","About once a month","General knowledge",31,"Male",50,1,1,1,51,1,1,1,78,51,51,1,1,1,1,1,1,1,1,1,1,33,1,1,1,1,1,1,1,1,67,35,66,1,61,1,1,1,1,1,71,1,1,1,78,1,1,1,1,1,1,1,1,1,1,1,1,1,1,1,1,1,1,1,1
200,4,38.494,62,25,"Yes","No","","",54,"Female",47,1,1,1,78,1,1,51,100,72,76,1,1,1,1,1,1,1,7,1,1,4,1,1,1,1,1,5,1,1,51,1,72,1,84,2,1,1,1,12,32,1,1,1,52,1,1,1,1,1,1,18,1,1,1,5,1,1,28,1,1,1,1,1,8
201,1,19.921,100,51,"Yes","No","","",NA,"Prefer not to say",1,1,1,1,1,1,1,10,100,1,64,1,1,1,1,1,1,1,1,1,1,1,1,1,1,1,1,1,1,1,1,1,1,1,100,1,1,1,1,1,100,1,1,1,1,1,1,1,1,1,1,1,1,1,1,1,1,1,1,1,1,1,1,1,1
202,31,40.431,29,66,"No","","","",56,"Female",70,1,1,15,1,1,1,72,96,84,41,1,17,4,1,1,1,1,1,1,1,1,1,1,1,1,1,1,1,1,63,1,81,1,81,1,1,1,1,1,1,1,1,1,68,1,16,1,1,12,1,70,1,1,1,12,1,1,1,1,1,1,1,1,1
203,26,62.797,62,19,"No","","","",60,"Female",15,1,1,2,100,1,1,94,91,100,100,1,1,1,1,1,1,1,1,88,1,1,1,19,86,1,1,38,1,1,100,89,100,1,99,1,45,1,1,44,73,1,1,1,95,1,1,1,23,1,48,15,1,1,89,1,1,1,97,6,2,1,1,37,1
204,1,15.849,100,73,"Yes","No","","",58,"Female",100,1,1,1,1,1,1,100,100,100,100,1,1,1,1,1,1,1,1,1,1,1,1,1,100,1,1,1,1,1,100,1,100,1,100,1,1,1,1,1,1,1,1,1,1,1,1,2,1,1,1,1,1,1,1,1,1,1,100,1,1,1,1,1,1
205,2,32.1,2,12,"Yes","No","","",70,"Female",51,1,1,1,72,1,1,51,36,71,78,1,1,1,1,1,1,1,2,1,1,1,1,1,32,1,1,1,1,1,76,1,73,1,80,1,51,1,1,1,75,1,1,1,66,1,1,1,1,2,50,1,17,1,1,1,1,1,1,1,1,1,1,1,1
206,70,68.634,64,71,"Yes","Yes","More than once a day","General knowledge",66,"Male",77,75,46,66,86,78,38,86,83,89,86,59,36,67,61,66,66,64,40,77,77,61,67,61,51,75,34,87,55,63,85,81,88,85,75,57,56,28,72,70,82,62,39,44,85,43,63,78,65,81,40,26,47,45,34,61,84,71,69,87,73,62,61,46,76
207,1,60.261,75,1,"Yes","No","","",50,"Female",1,1,1,1,100,1,1,100,59,100,100,1,1,1,1,1,1,1,1,54,1,1,1,1,58,1,1,1,1,1,53,1,100,1,100,64,1,1,1,1,100,1,54,1,58,1,1,1,1,1,1,1,31,1,1,1,1,1,1,52,1,1,1,1,1
208,4,213.073,88,3,"Yes","Yes","More than once a day","Writing",50,"Female",1,1,1,1,1,1,1,62,51,1,53,1,1,1,1,1,1,1,1,1,1,1,1,1,1,1,1,1,1,1,45,1,1,1,1,1,1,1,1,1,60,1,1,1,1,1,1,1,1,1,1,1,1,1,1,1,1,1,1,31,1,1,1,1,1
209,29,38.3,84,34,"Yes","Yes","About once a week","General knowledge,Writing",47,"Female",51,41,27,20,75,19,37,58,74,64,51,5,32,16,32,37,29,31,32,40,11,36,23,37,60,38,10,51,18,33,82,43,61,19,56,25,40,4,41,51,56,31,37,36,51,20,29,25,17,17,46,53,19,23,11,17,4,23,38,31,11,19,27,30,21
210,51,25.196,39,75,"Yes","No","","",39,"Female",1,1,1,1,1,3,1,1,100,50,82,1,1,1,1,1,1,1,9,1,1,1,1,1,1,1,1,1,1,1,1,7,100,1,76,1,1,1,1,1,1,1,2,1,51,1,1,1,1,1,1,1,1,1,1,1,1,1,1,1,1,1,1,1,1
211,7,68.439,88,16,"Yes","No","","",61,"Female",1,1,1,1,51,1,1,51,51,8,22,1,1,1,1,1,1,1,1,1,1,1,1,1,14,1,1,1,1,1,1,1,51,1,51,1,1,1,1,1,1,1,1,1,1,1,1,1,1,1,17,1,1,1,1,1,1,1,1,1,1,1,1,1,1
212,1,46.297,52,28,"Yes","No","","",44,"Female",1,1,1,1,51,1,1,51,26,51,68,1,1,1,1,1,1,1,1,13,1,52,1,1,49,1,1,17,1,1,51,51,51,1,74,1,36,1,1,1,63,1,1,1,51,1,1,1,1,1,1,51,50,1,1,1,1,1,46,1,1,1,1,8,1
213,1,34.868,100,33,"Yes","Yes","About once a month","General knowledge",27,"Male",1,1,1,1,17,1,1,14,51,70,73,1,1,1,1,1,1,1,1,1,1,1,1,1,1,1,1,1,1,1,24,1,57,1,37,1,1,1,1,1,56,1,1,1,33,1,1,1,1,1,33,15,1,1,1,1,1,1,1,23,1,1,1,27,1
214,69,39.302,73,25,"Yes","Yes","About once a week","General knowledge,Writing",52,"Male",68,69,52,52,92,84,62,98,100,100,91,62,71,67,43,71,69,52,52,35,69,68,52,53,99,70,25,79,95,76,92,74,99,52,100,52,72,67,56,77,93,68,69,37,82,52,52,33,72,52,98,52,73,28,78,38,20,52,98,54,72,79,72,71,27
215,22,29.881,35,9,"Yes","No","","",38,"Female",38,15,11,21,28,10,23,91,95,90,83,19,12,3,17,12,6,2,28,40,14,13,12,12,3,11,1,54,20,9,89,12,92,3,95,5,21,4,19,78,85,5,5,13,31,14,7,14,16,17,8,55,26,12,2,8,3,19,95,45,13,33,15,9,17
216,22,30.609,75,40,"Yes","Yes","About once a month","General knowledge",50,"Male",90,92,15,7,74,87,100,100,100,100,100,32,78,59,58,58,41,28,100,71,61,50,43,12,89,70,1,62,39,67,94,80,100,30,92,100,93,21,36,100,100,57,59,88,96,74,74,43,88,58,83,85,59,41,17,85,1,62,68,94,19,56,98,72,63
217,52,40.667,67,58,"Yes","No","","",66,"Male",68,41,52,6,58,1,69,83,80,84,81,7,7,7,14,1,22,28,55,51,4,40,11,7,60,18,1,17,20,16,69,68,95,42,91,8,32,23,11,21,58,6,5,28,70,13,4,12,6,5,32,57,36,6,1,16,4,1,71,41,34,5,51,9,32
218,1,32.445,47,12,"Yes","No","","",59,"Female",1,1,1,1,74,1,1,51,50,51,82,1,1,1,1,1,1,1,1,1,1,1,1,1,51,1,1,1,1,1,1,51,51,1,49,1,1,1,1,1,75,1,1,1,8,1,1,1,1,1,51,1,1,1,1,1,1,1,1,51,1,1,1,1,1
219,23,24.583,60,29,"Yes","Yes","More than once a day","General knowledge,Writing",56,"Male",35,22,16,16,41,1,20,53,33,51,67,32,18,29,29,14,16,23,29,27,27,30,30,29,20,33,1,40,26,33,31,30,24,40,25,30,29,25,26,27,36,22,13,25,52,34,31,26,22,27,26,29,31,29,13,31,10,23,27,30,18,24,32,20,32
220,14,82.085,48,20,"Yes","Yes","About once a month","General knowledge",33,"Male",50,1,1,1,51,15,12,73,80,83,72,1,1,1,1,24,22,1,15,8,1,1,1,1,1,1,1,17,1,1,50,21,98,1,74,1,26,1,1,13,50,1,1,1,67,1,5,1,1,1,1,10,9,1,1,2,1,7,51,37,10,6,1,1,9
221,58,40.392,26,78,"Yes","No","","",44,"Female",42,34,37,34,86,15,20,99,92,75,93,6,19,23,32,22,33,6,24,53,24,61,31,39,42,7,2,64,41,21,87,58,80,4,98,39,43,10,21,46,90,24,45,29,66,16,47,11,17,20,39,58,33,12,11,18,10,11,54,28,24,9,24,16,18
222,79,14.251,54,68,"Yes","Yes","About once a week","General knowledge",73,"Female",84,100,38,52,80,100,74,70,78,40,71,35,77,64,70,69,93,71,65,69,74,27,30,71,76,71,73,72,70,26,68,86,89,94,78,70,78,26,74,71,79,65,72,76,64,69,69,34,72,32,60,68,44,7,67,65,67,66,73,98,85,30,75,76,76
223,1,37.27,79,15,"Yes","No","","",60,"Male",51,1,1,1,1,1,1,90,100,100,83,1,1,1,1,1,1,1,1,1,1,1,1,1,1,1,1,1,1,1,1,1,81,1,83,1,2,1,3,1,75,1,2,1,77,1,1,1,2,1,1,1,1,1,1,1,2,1,83,1,2,1,1,2,1
224,1,81.267,100,1,"Yes","No","","",75,"Male",1,1,1,1,51,1,1,100,51,100,51,1,1,1,1,1,1,1,1,1,1,1,1,1,51,1,1,1,1,1,51,1,100,1,100,1,1,1,1,1,51,1,1,1,1,1,1,1,1,1,51,51,1,1,51,1,1,1,1,51,1,1,1,1,1
225,59,18.702,54,43,"Yes","Yes","About once a month","General knowledge,Writing",39,"Female",53,2,1,1,1,5,1,1,74,16,7,1,1,2,1,1,1,1,2,1,1,1,1,1,1,1,1,1,1,2,95,1,85,1,63,1,2,1,2,1,51,1,1,1,2,1,1,1,1,1,9,1,1,2,1,2,1,1,1,1,1,1,3,1,1
226,7,53.293,91,65,"Yes","Yes","About once every two weeks","Other",54,"Female",56,2,3,4,100,1,57,94,100,100,100,1,1,59,1,1,4,1,100,64,1,1,16,1,69,1,1,94,2,1,100,73,100,1,100,79,3,1,2,53,100,1,5,3,95,2,3,2,2,1,91,68,66,1,31,56,56,1,61,4,2,2,7,66,10
227,23,29.415,76,31,"Yes","Yes","About once every two weeks","General knowledge,Writing",36,"Male",36,6,1,1,19,1,14,91,73,87,87,1,1,1,1,2,10,1,62,9,1,16,1,1,11,1,1,59,11,1,84,17,96,1,80,1,36,1,1,19,15,1,1,1,87,1,12,1,1,1,23,22,6,1,1,1,1,4,74,16,1,1,12,1,7
228,1,10.945,1,33,"No","","","",60,"Female",1,1,1,1,1,1,1,29,1,1,1,1,1,1,1,1,1,1,1,1,1,1,1,1,1,1,1,1,1,1,1,1,1,1,1,1,1,1,1,1,1,1,1,1,1,1,1,1,1,1,1,1,1,1,3,1,1,1,1,1,1,1,1,1,1
229,1,51.67,100,38,"Yes","Yes","About once a month","General knowledge",45,"Male",56,1,1,1,51,1,51,100,100,65,78,1,43,1,1,1,1,1,82,1,1,44,1,1,1,1,1,86,55,1,100,68,78,1,71,8,7,1,1,77,89,1,1,1,83,1,1,1,1,1,1,83,51,1,1,1,1,1,60,100,1,1,1,77,21
230,53,184.838,75,52,"Yes","Yes","About once a week","General knowledge,Coding",50,"Prefer not to say",68,35,9,4,61,15,34,66,51,89,33,2,8,29,31,29,29,36,32,50,2,29,23,28,11,38,1,55,32,37,55,38,73,40,75,29,44,1,25,34,31,33,45,41,31,36,28,26,33,38,9,59,50,24,1,28,1,39,49,35,14,51,43,18,32
231,15,79.327,35,5,"Yes","Yes","About once a week","General knowledge,Writing,Other",31,"Male",64,27,16,13,72,12,64,83,93,86,93,17,40,13,23,15,22,34,67,20,21,35,15,18,7,19,1,34,22,18,75,48,83,21,85,66,54,13,26,71,71,16,14,20,71,17,14,30,21,16,6,47,73,15,3,55,2,17,59,71,22,45,44,25,13
232,65,8.084,74,76,"Yes","Yes","About once a month","General knowledge,Writing",57,"Female",100,1,1,2,86,5,66,85,100,100,100,1,8,1,7,1,1,68,83,3,6,5,8,17,24,1,1,33,1,8,100,3,100,8,62,3,58,11,1,1,93,1,100,1,90,6,4,13,10,1,6,24,5,1,15,6,37,1,3,93,8,3,8,9,12
233,20,67.501,62,79,"Yes","No","","",43,"Male",17,14,8,11,8,19,8,78,85,74,87,14,12,21,11,16,14,4,8,69,7,31,13,16,11,9,11,32,75,14,33,18,90,12,95,11,5,3,12,56,72,12,12,9,85,13,13,10,9,14,3,17,33,9,2,26,7,6,41,26,9,9,11,31,7
234,21,43.002,79,77,"Yes","Yes","About once every two weeks","General knowledge,Coding,Writing",18,"Male",15,4,8,4,33,2,3,72,98,62,89,3,5,8,11,5,4,1,6,67,7,50,1,2,1,10,1,25,4,7,51,49,87,1,85,55,70,1,8,76,69,3,3,17,80,6,4,5,12,7,4,6,13,4,1,6,1,5,62,11,5,6,4,3,1
235,25,46.855,84,51,"Yes","Yes","About once a month","Writing",40,"Male",1,1,1,1,1,1,1,75,70,76,72,1,1,1,1,1,1,1,1,1,1,1,1,1,1,1,1,11,1,1,22,1,70,1,75,1,1,1,1,8,71,1,1,1,69,1,1,1,1,1,1,1,1,1,1,1,1,1,1,8,7,1,1,1,1
236,34,38.396,64,34,"Yes","No","","",70,"Male",30,30,21,15,68,31,24,66,82,83,87,24,29,20,15,33,35,17,32,32,27,18,27,32,70,22,20,25,17,27,70,33,70,14,62,22,40,20,22,25,69,34,42,58,68,24,29,27,27,23,32,41,56,18,31,40,19,17,67,23,25,30,20,27,20
237,61,8.574,60,46,"Yes","Yes","About once a week","General knowledge",48,"Male",65,81,69,75,56,56,56,70,72,70,51,51,59,53,74,57,60,74,69,79,65,84,66,51,72,51,60,66,54,57,68,65,55,51,65,59,61,85,51,66,56,61,84,58,58,57,61,68,74,65,61,60,56,80,72,55,79,51,74,57,61,67,62,51,51
238,25,60.696,32,77,"Yes","Yes","About once a week","General knowledge,Coding",60,"Male",1,1,1,1,67,23,1,74,60,56,64,1,1,1,1,1,1,1,1,58,1,1,1,1,1,1,1,20,1,1,1,1,56,1,60,1,1,1,1,61,60,1,1,1,58,1,1,1,1,1,57,1,1,1,1,12,1,1,56,1,1,1,1,1,1
239,45,28.243,44,45,"Yes","No","","",24,"Male",55,1,1,1,66,1,69,100,91,78,100,1,1,1,1,1,28,1,1,61,1,1,57,1,86,1,1,100,2,1,100,51,100,1,94,1,58,1,1,41,100,39,1,21,100,1,29,1,1,1,100,51,61,1,1,1,1,28,75,29,1,1,30,54,29
240,1,38.045,100,7,"Yes","No","","",62,"Female",1,1,1,1,100,1,1,93,100,100,61,1,1,1,1,1,1,1,1,1,1,1,1,1,91,1,1,1,1,1,92,76,100,1,100,1,1,1,1,1,100,1,1,1,100,1,1,1,1,1,1,1,1,1,1,1,1,1,51,1,1,1,1,1,1
241,24,76.068,82,1,"Yes","Yes","About once a week","General knowledge",35,"Male",72,1,1,1,1,1,51,100,35,100,100,1,1,1,1,1,1,1,1,1,1,62,4,1,1,1,1,58,18,1,100,25,64,1,73,1,56,1,1,61,48,1,1,1,90,1,1,5,1,1,1,68,1,1,1,1,1,1,57,5,1,1,24,1,1
242,23,46.309,51,28,"Yes","No","","",66,"Male",10,8,7,6,55,7,7,51,67,51,51,8,7,6,5,6,6,2,7,25,6,3,7,4,51,7,1,8,9,6,82,7,77,4,89,7,9,7,4,22,51,5,7,6,9,5,5,5,6,8,49,5,7,10,7,7,3,7,7,8,6,6,7,4,6
243,1,264.912,54,75,"Yes","No","","",66,"Female",87,57,56,14,98,16,86,100,99,95,100,11,7,11,3,8,32,2,23,56,17,18,23,20,52,55,1,52,19,6,100,53,100,14,100,29,93,1,21,75,98,11,11,12,58,15,10,27,21,4,62,90,68,12,49,7,55,9,98,42,27,17,27,23,44
244,26,44.623,88,53,"Yes","Yes","About once a week","General knowledge,Other",46,"Male",51,1,1,1,100,1,75,100,100,100,83,1,1,1,1,1,1,1,51,82,1,51,1,1,100,1,1,51,1,1,100,77,100,1,100,51,100,1,1,100,100,1,1,1,100,1,1,1,1,1,100,100,100,1,1,1,1,51,100,51,1,1,66,1,1
245,1,16.518,100,52,"Yes","No","","",61,"Female",1,1,1,1,52,1,1,51,93,79,68,1,1,1,1,1,1,1,1,1,1,1,1,1,1,1,1,1,1,1,1,1,87,1,74,1,1,1,1,1,1,1,1,1,50,1,1,1,1,1,1,1,1,1,1,1,1,1,52,1,1,1,1,1,1
246,1,28.87,100,1,"Yes","Yes","About once a week","General knowledge",58,"Male",1,1,1,1,100,1,1,100,100,100,100,1,1,1,1,1,1,1,1,1,1,51,1,1,1,1,1,1,1,1,100,100,100,1,100,1,1,1,1,1,51,1,1,1,100,1,1,1,1,1,1,51,1,1,1,1,1,1,1,1,1,1,1,1,1
247,23,85.266,84,7,"Yes","No","","",70,"Female",43,5,18,1,54,6,8,33,57,59,28,2,24,14,2,4,4,4,38,45,2,38,1,6,69,3,1,6,14,7,54,57,75,20,69,15,42,2,16,26,50,4,41,31,23,1,8,1,3,3,18,8,30,1,2,9,3,14,58,9,4,1,50,7,1
248,37,44.852,11,13,"Yes","No","","",73,"Female",72,1,1,1,90,1,51,100,100,85,86,1,1,1,1,1,1,1,51,1,1,1,1,1,100,10,1,1,1,8,100,30,100,1,100,51,1,1,1,100,61,1,1,1,34,1,1,5,1,1,51,25,1,1,1,7,1,1,75,73,1,1,1,1,77
249,1,87.754,41,28,"Yes","Yes","More than once a day","General knowledge,Writing,Other",45,"Female",66,1,1,1,18,1,1,20,51,73,51,1,1,1,1,3,1,1,1,24,1,100,1,15,1,1,1,1,25,1,76,15,87,15,88,1,20,1,1,25,20,8,2,1,51,1,1,1,1,1,1,56,1,1,1,1,1,1,1,51,1,1,1,1,1
250,85,4.891,86,71,"Yes","Yes","About once a day","General knowledge,Writing",32,"Male",78,1,1,1,91,1,1,85,92,93,84,1,1,1,1,1,1,1,1,1,1,1,1,1,1,1,1,2,1,1,98,25,100,1,100,1,8,1,1,1,43,1,1,1,28,1,1,1,27,1,1,88,1,1,1,1,1,1,1,1,1,93,3,1,1
251,36,94.505,31,40,"Yes","No","","",62,"Female",31,26,30,20,29,25,25,30,51,34,38,23,25,25,23,24,27,21,28,29,22,30,19,21,21,25,15,27,28,26,26,29,38,24,76,23,17,20,18,24,31,24,24,27,31,26,21,28,23,20,24,21,21,22,17,25,16,24,40,32,23,25,24,28,24
252,1,20.027,100,11,"Yes","No","","",62,"Female",1,1,1,1,1,1,1,1,1,1,14,1,1,1,1,1,1,1,1,1,1,1,1,1,1,1,1,1,1,1,1,1,11,1,1,1,1,1,1,1,1,1,1,1,1,1,1,1,1,1,1,1,1,1,1,1,1,1,1,1,1,1,1,1,1
253,67,9.086,62,43,"Yes","Yes","About once a week","General knowledge",62,"Male",1,1,1,1,1,1,1,53,100,71,100,1,1,1,1,1,1,1,1,1,1,1,1,1,1,1,1,1,1,1,18,1,1,1,29,1,1,1,1,1,1,1,1,1,1,1,1,1,1,1,1,1,1,1,1,1,1,1,1,1,1,1,1,1,1
254,27,70.572,23,81,"Yes","Yes","About once a week","General knowledge",66,"Male",88,67,7,8,2,19,71,88,81,95,96,4,13,13,87,1,7,21,2,15,10,91,70,7,11,8,7,87,7,2,89,2,100,2,97,9,72,7,82,56,69,8,21,21,85,9,73,8,57,63,30,62,5,7,16,10,3,61,98,89,14,13,67,5,58
255,23,54.724,58,28,"Yes","Yes","More than once a day","General knowledge,Coding,Writing",24,"Male",37,34,31,25,51,30,35,69,56,35,53,37,30,28,1,30,40,24,16,21,36,41,33,27,1,27,1,29,24,38,53,35,51,8,37,24,24,38,38,19,51,36,16,19,52,25,35,41,19,36,26,25,38,37,25,29,1,25,32,48,23,15,23,17,16
256,29,39.101,1,75,"Yes","No","","",74,"Female",73,1,1,1,100,1,67,100,100,96,100,1,2,1,1,2,1,1,65,4,1,61,4,1,13,1,1,4,2,1,83,91,100,1,100,4,7,3,1,51,94,1,19,4,83,7,1,3,5,1,25,89,63,1,5,1,1,8,52,51,1,8,1,10,4
257,1,27.898,63,52,"Yes","No","","",50,"Male",1,1,1,1,51,1,1,100,100,100,100,1,1,1,1,1,1,1,1,20,1,1,1,1,100,1,1,5,1,1,100,1,100,1,100,1,50,1,1,51,51,1,1,1,60,1,1,1,1,1,51,50,1,1,1,1,1,1,51,51,1,1,1,1,1
258,16,34.763,79,52,"Yes","Yes","About once a month","General knowledge",67,"Male",21,1,1,1,94,1,1,75,82,95,97,1,1,1,1,1,1,1,1,6,1,1,1,1,33,1,1,1,1,1,100,2,100,1,100,1,11,1,1,1,85,1,1,1,96,1,1,1,1,1,1,1,1,1,1,12,1,1,100,5,1,1,1,1,1
259,6,16.885,92,13,"Yes","No","","",63,"Male",19,1,1,1,71,1,72,60,31,68,83,1,1,1,1,1,1,1,91,62,1,2,1,1,1,1,1,5,1,1,58,11,87,1,97,1,1,1,1,1,18,1,1,1,9,1,1,1,1,1,1,6,4,1,1,1,1,1,70,19,1,8,1,1,1
260,1,28.382,93,22,"Yes","Yes","About once a week","General knowledge",46,"Male",50,4,4,1,50,1,33,80,97,76,79,1,12,9,6,1,7,1,67,50,9,30,8,1,56,12,1,36,50,1,50,71,83,1,100,1,70,1,1,42,76,5,1,9,72,1,1,5,21,6,50,27,5,5,32,6,35,1,55,50,16,6,11,14,16
261,19,59.151,51,26,"Yes","No","","",64,"Female",100,6,5,6,95,1,34,95,100,100,96,1,4,14,12,4,10,81,60,100,1,86,4,6,92,5,1,83,91,3,100,100,93,1,100,57,91,1,4,51,94,5,63,26,100,5,55,5,4,1,35,78,6,1,1,35,1,4,100,51,6,9,39,55,10
262,100,125.341,100,100,"Yes","Yes","More than once a day","General knowledge,Writing",51,"Male",100,71,1,1,100,48,100,100,100,100,1,1,50,1,50,80,100,1,100,100,1,76,18,75,100,1,1,100,100,1,100,100,100,100,100,49,100,1,100,100,100,76,81,1,100,1,100,1,1,1,88,100,100,1,1,65,1,100,100,100,1,33,49,50,90
263,66,27.007,77,68,"Yes","Yes","About once a month","General knowledge",26,"Male",64,19,9,3,30,1,62,69,100,80,83,1,77,38,26,14,26,1,63,17,6,37,1,1,37,38,1,78,51,27,87,26,93,12,63,16,65,1,32,37,69,16,1,36,69,56,8,23,40,7,35,36,65,19,1,61,1,10,67,72,13,1,9,69,66
264,1,39.105,100,21,"Yes","No","","",77,"Male",1,1,1,1,100,1,1,100,1,100,100,1,1,1,1,1,1,1,1,1,1,1,1,1,1,1,1,1,1,1,1,1,1,1,1,1,1,1,1,1,100,1,1,1,1,1,1,1,1,1,1,1,1,1,1,1,1,1,1,1,1,1,1,1,1
265,65,24.931,68,73,"Yes","No","","",62,"Male",56,13,14,24,42,18,56,62,52,60,58,14,27,32,30,38,46,26,45,65,21,42,23,42,33,43,7,57,31,14,45,56,57,36,62,25,44,17,34,36,57,33,24,21,53,39,42,45,44,40,33,45,36,12,5,56,11,4,44,43,22,32,44,38,31
266,23,57.713,62,30,"Yes","Yes","More than once a day","General knowledge,Writing",50,"Male",54,34,36,38,62,37,38,51,33,43,36,19,38,39,1,34,23,33,37,35,35,36,12,37,35,25,18,34,36,17,72,17,39,26,28,23,38,18,29,36,36,29,21,27,36,33,17,38,38,31,39,23,38,20,5,29,35,19,40,47,35,23,27,37,37
267,1,25.486,100,1,"Yes","No","","",59,"Male",10,1,1,1,24,1,12,68,83,75,23,1,7,1,1,1,1,1,20,1,1,1,1,1,65,1,1,20,1,1,1,51,79,1,100,6,28,1,1,1,65,1,1,1,62,1,1,1,1,1,67,1,1,1,1,1,1,1,11,13,1,1,15,1,1
268,1,96.944,100,1,"Yes","Yes","About once a week","General knowledge",81,"Male",1,1,1,1,100,1,1,100,100,100,100,1,1,1,1,1,1,1,1,1,1,1,1,1,100,1,1,1,1,1,100,1,100,1,100,1,1,1,1,1,100,1,1,1,100,1,1,1,1,1,100,1,1,1,1,1,1,1,100,1,1,1,1,1,1
269,1,31.69,76,35,"Yes","No","","",68,"Male",1,1,1,1,75,1,1,30,100,74,50,1,1,1,1,1,1,1,1,51,1,1,1,1,76,8,1,56,27,15,100,14,89,1,71,1,23,1,1,51,75,1,1,1,100,1,20,1,1,1,51,1,15,1,1,26,1,1,55,1,1,1,24,1,1
270,80,13.64,80,72,"Yes","Yes","About once a week","General knowledge,Coding",26,"Male",65,32,27,14,44,10,43,66,81,60,61,10,19,13,20,59,20,6,58,68,12,35,29,33,68,59,1,33,31,6,77,55,80,10,69,35,58,8,18,59,70,34,14,37,72,15,41,34,14,11,58,70,57,13,8,21,9,23,65,61,24,61,9,23,10
271,32,22.424,68,58,"Yes","Yes","About once every two weeks","General knowledge",60,"Male",1,1,1,1,55,1,11,50,25,37,40,1,1,1,1,1,1,1,6,14,1,1,1,1,1,1,1,8,1,1,3,1,56,1,63,1,1,1,1,12,30,1,1,1,32,1,1,1,1,1,1,19,6,1,1,3,1,1,38,15,1,1,1,1,1
272,1,64.397,100,27,"Yes","Yes","About once a month","General knowledge,Other",42,"Male",1,1,1,1,51,1,1,42,70,50,59,1,1,1,1,1,1,1,1,1,1,1,1,1,1,1,1,1,1,1,20,1,29,1,23,1,1,1,1,1,60,1,1,1,50,1,1,1,1,1,1,1,1,1,1,1,1,1,1,1,1,1,1,1,1
273,1,43.668,1,59,"Yes","Yes","More than once a day","General knowledge,Other",73,"Male",1,1,1,1,94,1,1,12,72,78,38,1,1,1,1,1,1,1,1,1,1,1,1,1,1,1,1,1,1,1,1,1,1,1,100,1,1,1,1,7,64,1,1,1,1,1,1,1,1,1,1,1,1,1,1,1,1,1,1,1,1,1,1,1,1
274,58,55.02,55,46,"Yes","Yes","About once a month","General knowledge",74,"Male",5,1,1,1,4,4,3,9,6,22,18,1,1,1,1,1,5,1,1,2,1,4,1,1,4,1,1,5,3,1,10,1,49,1,6,1,1,1,1,3,5,1,1,1,4,1,1,1,1,1,1,1,5,1,1,1,1,1,10,7,1,1,1,5,5
275,72,130.096,86,73,"No","","","",66,"Male",58,20,15,17,88,16,22,57,72,16,29,18,17,10,6,10,15,12,15,15,24,14,22,58,48,17,13,16,15,9,89,8,11,15,73,17,14,11,14,30,14,7,15,38,15,16,26,31,27,15,30,16,16,3,15,10,26,15,14,16,6,16,15,21,16
276,5,83.425,87,18,"Yes","No","","",25,"Male",38,2,3,2,96,1,55,88,87,93,96,3,2,3,2,4,5,2,17,68,3,9,1,2,51,1,2,66,29,3,97,71,100,3,80,20,47,2,3,15,79,2,4,2,97,4,2,2,1,4,46,51,18,2,18,1,11,2,61,54,2,4,1,5,3
277,1,22.15,100,68,"Yes","No","","",71,"Female",51,1,1,1,51,1,1,51,79,76,100,1,1,1,1,1,1,1,1,1,1,1,1,1,1,1,1,1,1,1,51,1,50,1,50,1,1,1,1,52,1,1,1,1,1,1,1,1,1,1,1,1,1,1,1,1,1,1,1,1,1,1,1,1,1
278,50,105.71,41,54,"Yes","No","","",41,"Male",51,55,1,1,28,1,62,68,100,63,62,16,48,31,14,19,1,17,54,10,16,1,19,1,88,43,1,74,63,61,88,50,100,45,68,71,24,1,12,75,50,42,23,40,87,1,1,27,41,1,90,81,1,1,1,22,1,38,61,75,35,36,56,50,25
279,26,40.32,98,18,"Yes","Yes","About once a day","General knowledge,Writing",27,"Male",71,36,1,1,68,1,1,57,99,51,48,1,1,20,28,1,35,49,1,4,1,1,2,11,1,49,1,19,1,1,88,6,75,7,78,1,52,1,1,50,69,1,19,1,95,1,51,19,1,8,11,83,2,13,1,50,12,17,71,51,1,1,6,1,1
280,1,90.618,100,52,"Yes","Yes","About once every two weeks","General knowledge",60,"Male",51,1,1,1,1,1,1,100,100,100,100,1,1,1,1,1,1,1,1,1,1,1,1,1,1,1,1,1,1,1,100,51,100,1,100,1,51,1,1,1,100,1,1,1,100,1,1,1,1,1,1,51,1,1,1,1,1,1,100,1,1,1,1,1,1
281,12,45.034,76,30,"Yes","Yes","About once a month","Other",68,"Male",70,28,1,30,75,13,29,100,76,100,100,9,5,29,7,26,9,7,5,81,6,2,36,13,37,8,25,58,41,4,46,40,80,7,95,12,58,10,19,70,98,19,3,8,88,20,8,12,4,8,58,29,24,8,53,28,4,12,26,69,1,11,37,31,8
282,72,214.281,71,61,"Yes","Yes","About once every two weeks","General knowledge,Writing",57,"Male",7,11,4,20,78,7,14,86,83,87,95,12,4,15,8,1,4,1,60,2,26,1,5,2,5,2,1,77,1,4,92,16,66,2,97,16,11,6,3,1,78,3,20,3,93,15,24,30,6,16,1,5,18,10,1,67,17,10,65,66,12,3,57,21,80
283,24,280.155,63,51,"Yes","Yes","About once a month","General knowledge",74,"Male",89,1,1,2,79,1,1,88,93,100,96,1,1,1,1,1,1,57,1,72,1,28,1,1,91,1,1,1,1,1,86,67,100,1,80,1,74,1,1,75,81,1,62,1,86,1,1,1,1,1,20,86,60,1,43,1,1,1,96,70,1,1,1,1,1
284,1,16.527,100,1,"Yes","Yes","About once a week","General knowledge,Writing",43,"Male",1,1,1,1,1,1,1,1,11,20,1,1,1,1,1,1,1,1,1,1,1,1,1,1,1,1,1,1,1,1,1,1,1,1,12,1,1,1,1,1,1,1,1,1,1,1,1,1,1,1,1,1,1,1,1,1,1,1,10,1,1,1,1,1,1
285,66,60.15,76,71,"Yes","Yes","About once a month","General knowledge",48,"Male",100,23,1,1,52,1,51,85,90,51,100,1,3,21,90,51,11,9,1,52,1,15,23,51,10,50,1,70,9,1,100,1,100,3,100,15,100,3,51,21,8,1,51,2,96,4,1,8,1,23,15,1,1,30,8,1,1,7,51,12,7,20,1,2,28
286,100,185.591,100,100,"Yes","Yes","About once a day","General knowledge",60,"Male",29,100,1,1,58,75,100,81,100,1,100,1,100,1,100,100,100,1,100,90,100,100,1,100,69,100,100,100,1,1,100,100,3,100,1,100,100,1,100,100,100,85,15,1,1,1,100,1,100,1,100,100,1,1,1,1,72,1,100,100,1,100,1,1,100
287,65,4.494,76,77,"Yes","Yes","About once a month","General knowledge",35,"Male",89,38,74,32,40,22,83,39,71,32,68,27,34,51,16,14,27,35,28,20,76,24,61,67,26,23,31,31,20,63,34,62,11,33,37,41,78,40,59,37,44,84,80,27,24,66,40,75,21,87,67,62,65,100,82,42,31,22,65,30,31,16,62,24,34
288,57,75.534,46,51,"Yes","No","","",59,"Female",71,4,4,2,91,1,10,98,99,100,99,1,46,1,1,3,32,1,61,23,1,7,1,6,97,2,1,59,1,2,91,39,100,8,99,95,28,1,3,70,99,7,5,2,100,2,14,1,2,1,72,39,65,1,1,33,1,15,77,51,3,2,51,49,1
289,1,9.347,100,16,"Yes","Yes","About once every two weeks","Other",62,"Female",51,1,1,1,83,1,28,78,98,88,87,1,1,1,1,1,1,1,7,1,1,1,1,1,16,1,1,32,1,5,76,73,100,1,79,3,1,1,1,69,66,1,1,1,78,1,1,1,1,1,8,51,59,1,1,1,1,1,67,65,7,1,1,1,1
290,63,116.887,67,66,"Yes","Yes","More than once a day","Coding,Writing",40,"Female",1,1,1,1,91,1,1,99,1,92,78,1,1,1,1,5,1,1,2,2,1,1,2,1,10,3,2,73,1,1,91,1,73,1,1,1,1,1,2,32,5,2,1,1,93,1,1,5,1,2,2,1,1,1,10,2,3,26,1,1,1,1,1,1,3
291,33,128.81,66,3,"Yes","Yes","About once a month","General knowledge",66,"Male",4,2,2,3,91,3,1,40,96,69,65,3,2,5,4,1,3,1,5,48,4,44,1,3,15,2,1,4,7,56,92,53,94,2,98,8,9,2,3,24,92,9,2,3,48,4,6,2,2,2,4,73,17,1,4,6,3,1,3,79,3,4,3,15,5
292,1,47.804,100,62,"Yes","No","","",62,"Female",1,1,1,1,51,1,1,51,51,1,1,1,1,1,1,1,1,1,1,1,1,1,1,1,1,1,1,1,1,1,1,1,1,1,1,1,1,1,1,1,51,1,1,1,1,1,1,1,1,1,1,1,1,1,1,1,1,1,1,1,1,1,1,1,1
293,1,52.154,7,31,"Yes","Yes","About once a day","General knowledge,Coding,Writing",66,"Male",15,61,13,1,80,1,8,80,100,86,80,1,9,26,21,4,59,1,25,40,1,58,40,22,27,40,1,21,1,16,100,68,93,1,100,1,5,3,72,43,59,19,16,1,47,21,20,8,50,1,30,51,1,6,1,69,61,57,48,14,32,44,69,23,64
294,50,24.67,54,52,"Yes","No","","",64,"Female",51,1,1,1,100,1,51,100,100,99,100,1,1,1,1,1,1,1,71,76,1,51,1,1,50,1,1,50,1,1,100,50,100,1,100,100,51,1,1,51,100,1,1,1,1,1,1,1,1,1,49,22,1,1,52,1,50,1,50,40,1,1,1,52,1
295,1,29.535,100,1,"Yes","No","","",50,"Male",1,1,1,1,50,1,1,50,51,50,51,1,1,1,1,1,1,1,1,1,1,1,1,1,51,1,1,1,1,1,51,1,52,1,51,1,1,1,1,1,51,1,1,1,51,1,1,1,1,1,51,1,1,1,51,1,1,1,1,51,1,1,1,1,1
296,10,56.468,77,84,"Yes","No","","",70,"Male",86,5,4,7,69,9,7,16,81,81,85,15,7,8,6,13,6,63,16,68,6,68,6,21,75,10,4,17,61,10,80,20,72,10,81,10,15,7,15,20,34,7,37,11,12,10,8,5,8,4,84,10,58,8,7,5,100,8,86,9,6,23,25,10,10
297,23,41.832,69,28,"Yes","Yes","About once a day","General knowledge,Writing",62,"Female",35,27,29,28,25,30,36,50,31,31,36,27,34,31,29,32,38,29,39,35,31,32,31,36,27,27,29,34,29,34,31,36,29,31,37,35,39,33,34,31,28,24,36,36,25,37,34,28,39,7,34,37,30,30,36,36,31,29,35,31,30,31,27,34,29
298,1,24.983,100,1,"Yes","No","","",31,"Male",1,1,1,1,1,1,1,5,7,9,24,1,1,1,1,1,1,1,90,1,1,1,1,1,1,1,1,1,1,1,1,1,24,1,96,1,1,1,1,1,1,1,7,1,1,1,1,1,1,1,1,1,1,1,1,6,1,13,1,1,1,1,1,1,1
299,100,13.364,100,65,"Yes","Yes","About once a day","General knowledge",27,"Male",94,1,1,51,77,82,51,100,100,100,96,50,1,51,90,48,51,51,50,50,1,59,1,51,51,52,1,51,51,50,50,2,100,1,52,51,100,1,100,51,100,1,50,50,100,1,50,50,51,1,50,50,1,50,1,51,50,51,51,51,51,51,100,1,1
300,26,29.839,66,27,"Yes","Yes","More than once a day","General knowledge,Writing",56,"Male",33,23,27,31,29,36,37,30,31,29,29,27,34,36,27,37,36,33,37,40,29,33,39,38,31,28,29,38,29,37,37,32,28,28,36,30,30,28,33,28,29,23,35,33,31,28,30,24,32,31,27,28,26,33,35,28,25,34,31,27,33,27,27,33,24
